idx,Date,Average,Ticker,Commodity
0,2025-01-16,278.38268961471533,MCD,coffee
1,2025-01-17,279.3521020047568,MCD,coffee
2,2025-01-21,280.06796255346745,MCD,coffee
3,2025-01-22,280.704287630311,MCD,coffee
4,2025-01-23,280.9677769295488,MCD,coffee
5,2025-01-24,283.3490249348512,MCD,coffee
6,2025-01-27,288.18609511165323,MCD,coffee
7,2025-01-28,290.10004986207315,MCD,coffee
8,2025-01-29,289.0759445069269,MCD,coffee
9,2025-01-30,288.94671658351706,MCD,coffee
10,2025-01-31,287.6044378956367,MCD,coffee
11,2025-02-03,286.87861587376347,MCD,coffee
12,2025-02-04,288.10157588462164,MCD,coffee
13,2025-02-05,287.75358447342455,MCD,coffee
14,2025-02-06,291.2931526594274,MCD,coffee
15,2025-02-07,292.64036123682206,MCD,coffee
16,2025-02-10,303.5921457423548,MCD,coffee
17,2025-02-11,307.01735269476944,MCD,coffee
18,2025-02-12,306.81850509605806,MCD,coffee
19,2025-02-13,306.98753399874556,MCD,coffee
20,2025-02-14,307.5989931597301,MCD,coffee
21,2025-02-18,304.33285467266865,MCD,coffee
22,2025-02-19,300.8927369926401,MCD,coffee
23,2025-02-20,300.20667417997015,MCD,coffee
24,2025-02-21,302.6177736290556,MCD,coffee
25,2025-02-24,304.5267553065704,MCD,coffee
26,2025-02-25,308.17069531759387,MCD,coffee
27,2025-02-26,306.2170008592971,MCD,coffee
28,2025-02-27,305.8043730886241,MCD,coffee
29,2025-02-28,306.20206355594496,MCD,coffee
30,2025-03-03,306.1999969482422,MCD,coffee
31,2025-03-04,305.17999267578125,MCD,coffee
32,2025-03-05,305.7250061035156,MCD,coffee
33,2025-03-06,309.0849914550781,MCD,coffee
34,2025-03-07,316.0550079345703,MCD,coffee
35,2025-03-10,318.6699981689453,MCD,coffee
36,2025-03-11,312.19000244140625,MCD,coffee
37,2025-03-12,301.5449981689453,MCD,coffee
38,2025-03-13,298.9649963378906,MCD,coffee
39,2025-03-14,298.3999938964844,MCD,coffee
40,2025-03-17,302.63499450683594,MCD,coffee
41,2025-03-18,304.2850036621094,MCD,coffee
42,2025-03-19,305.4550018310547,MCD,coffee
43,2025-03-20,307.51499938964844,MCD,coffee
44,2025-03-21,305.9150085449219,MCD,coffee
45,2025-03-24,305.98500061035156,MCD,coffee
46,2025-03-25,306.9250030517578,MCD,coffee
47,2025-03-26,310.739990234375,MCD,coffee
48,2025-03-27,313.9250030517578,MCD,coffee
49,2025-03-28,308.0449981689453,MCD,coffee
50,2025-03-31,308.68499755859375,MCD,coffee
51,2025-04-01,313.35499572753906,MCD,coffee
52,2025-04-02,312.1449890136719,MCD,coffee
53,2025-04-03,314.8249969482422,MCD,coffee
54,2025-04-04,307.3399963378906,MCD,coffee
55,2025-04-07,296.24501037597656,MCD,coffee
56,2025-04-08,301.80499267578125,MCD,coffee
57,2025-04-09,300.68499755859375,MCD,coffee
58,2025-04-10,304.05999755859375,MCD,coffee
59,2025-04-11,308.18499755859375,MCD,coffee
60,2025-01-16,4.765000104904175,WEAT,wheat
61,2025-01-17,4.740000009536743,WEAT,wheat
62,2025-01-21,4.875,WEAT,wheat
63,2025-01-22,4.934999942779541,WEAT,wheat
64,2025-01-23,4.894999980926514,WEAT,wheat
65,2025-01-24,4.865000009536743,WEAT,wheat
66,2025-01-27,4.7850000858306885,WEAT,wheat
67,2025-01-28,4.81000018119812,WEAT,wheat
68,2025-01-29,4.930000066757202,WEAT,wheat
69,2025-01-30,4.989999771118164,WEAT,wheat
70,2025-01-31,4.929999828338623,WEAT,wheat
71,2025-02-03,4.9649999141693115,WEAT,wheat
72,2025-02-04,5.009999990463257,WEAT,wheat
73,2025-02-05,5.075000047683716,WEAT,wheat
74,2025-02-06,5.125,WEAT,wheat
75,2025-02-07,5.115000009536743,WEAT,wheat
76,2025-02-10,5.125,WEAT,wheat
77,2025-02-11,5.119999885559082,WEAT,wheat
78,2025-02-12,5.06000018119812,WEAT,wheat
79,2025-02-13,5.099999904632568,WEAT,wheat
80,2025-02-14,5.240000009536743,WEAT,wheat
81,2025-02-18,5.299999952316284,WEAT,wheat
82,2025-02-19,5.2749998569488525,WEAT,wheat
83,2025-02-20,5.230000019073486,WEAT,wheat
84,2025-02-21,5.230000019073486,WEAT,wheat
85,2025-02-24,5.1549999713897705,WEAT,wheat
86,2025-02-25,5.105000019073486,WEAT,wheat
87,2025-02-26,5.06000018119812,WEAT,wheat
88,2025-02-27,4.940000057220459,WEAT,wheat
89,2025-02-28,4.879999876022339,WEAT,wheat
90,2025-03-03,4.800000190734863,WEAT,wheat
91,2025-03-04,4.699999809265137,WEAT,wheat
92,2025-03-05,4.764999866485596,WEAT,wheat
93,2025-03-06,4.815000057220459,WEAT,wheat
94,2025-03-07,4.789999961853027,WEAT,wheat
95,2025-03-10,4.9049999713897705,WEAT,wheat
96,2025-03-11,4.865000009536743,WEAT,wheat
97,2025-03-12,4.849999904632568,WEAT,wheat
98,2025-03-13,4.900000095367432,WEAT,wheat
99,2025-03-14,4.9049999713897705,WEAT,wheat
100,2025-03-17,4.9649999141693115,WEAT,wheat
101,2025-03-18,4.9599997997283936,WEAT,wheat
102,2025-03-19,4.934999942779541,WEAT,wheat
103,2025-03-20,4.875,WEAT,wheat
104,2025-03-21,4.879999876022339,WEAT,wheat
105,2025-03-24,4.819999933242798,WEAT,wheat
106,2025-03-25,4.7900002002716064,WEAT,wheat
107,2025-03-26,4.7200000286102295,WEAT,wheat
108,2025-03-27,4.674999952316284,WEAT,wheat
109,2025-03-28,4.615000009536743,WEAT,wheat
110,2025-03-31,4.6499998569488525,WEAT,wheat
111,2025-04-01,4.699999809265137,WEAT,wheat
112,2025-04-02,4.679999828338623,WEAT,wheat
113,2025-04-03,4.6600000858306885,WEAT,wheat
114,2025-04-04,4.609999895095825,WEAT,wheat
115,2025-04-07,4.664999961853027,WEAT,wheat
116,2025-04-08,4.694999933242798,WEAT,wheat
117,2025-04-09,4.745000123977661,WEAT,wheat
118,2025-04-10,4.704999923706055,WEAT,wheat
119,2025-04-11,4.799999952316284,WEAT,wheat
120,2025-01-16,83.21500015258789,USO,oil
121,2025-01-17,82.5199966430664,USO,oil
122,2025-01-21,80.8650016784668,USO,oil
123,2025-01-22,80.57500076293945,USO,oil
124,2025-01-23,79.8849983215332,USO,oil
125,2025-01-24,79.83499908447266,USO,oil
126,2025-01-27,78.60499954223633,USO,oil
127,2025-01-28,78.8650016784668,USO,oil
128,2025-01-29,77.89999771118164,USO,oil
129,2025-01-30,77.7599983215332,USO,oil
130,2025-01-31,77.80999755859375,USO,oil
131,2025-02-03,78.11999893188477,USO,oil
132,2025-02-04,76.60499954223633,USO,oil
133,2025-02-05,76.32999801635742,USO,oil
134,2025-02-06,75.90499877929688,USO,oil
135,2025-02-07,76.04000091552734,USO,oil
136,2025-02-10,77.17000198364258,USO,oil
137,2025-02-11,78.31999969482422,USO,oil
138,2025-02-12,76.73500061035156,USO,oil
139,2025-02-13,76.03499984741211,USO,oil
140,2025-02-14,76.20000076293945,USO,oil
141,2025-02-18,76.82500076293945,USO,oil
142,2025-02-19,77.75499725341797,USO,oil
143,2025-02-20,77.84000015258789,USO,oil
144,2025-02-21,76.02499771118164,USO,oil
145,2025-02-24,75.84000015258789,USO,oil
146,2025-02-25,74.86499786376953,USO,oil
147,2025-02-26,73.88000106811523,USO,oil
148,2025-02-27,75.14999771118164,USO,oil
149,2025-02-28,74.9000015258789,USO,oil
150,2025-03-03,74.32500076293945,USO,oil
151,2025-03-04,73.02999877929688,USO,oil
152,2025-03-05,71.40999984741211,USO,oil
153,2025-03-06,71.25,USO,oil
154,2025-03-07,72.41499710083008,USO,oil
155,2025-03-10,71.4749984741211,USO,oil
156,2025-03-11,71.625,USO,oil
157,2025-03-12,72.56000137329102,USO,oil
158,2025-03-13,71.85000228881836,USO,oil
159,2025-03-14,72.08499908447266,USO,oil
160,2025-03-17,72.84500122070312,USO,oil
161,2025-03-18,72.79999923706055,USO,oil
162,2025-03-19,72.25,USO,oil
163,2025-03-20,72.9800033569336,USO,oil
164,2025-03-21,73.59000015258789,USO,oil
165,2025-03-24,74.50499725341797,USO,oil
166,2025-03-25,75.0250015258789,USO,oil
167,2025-03-26,75.37999725341797,USO,oil
168,2025-03-27,75.37000274658203,USO,oil
169,2025-03-28,75.1449966430664,USO,oil
170,2025-03-31,76.42499923706055,USO,oil
171,2025-04-01,77.34000015258789,USO,oil
172,2025-04-02,77.22999954223633,USO,oil
173,2025-04-03,72.20500183105469,USO,oil
174,2025-04-04,67.40999984741211,USO,oil
175,2025-04-07,65.81000137329102,USO,oil
176,2025-04-08,64.96999931335449,USO,oil
177,2025-04-09,64.65500068664551,USO,oil
178,2025-04-10,65.04499816894531,USO,oil
179,2025-04-11,65.55500030517578,USO,oil
180,2025-01-16,52.82831489673166,EQT,natural gas
181,2025-01-17,52.72362333892152,EQT,natural gas
182,2025-01-21,52.84327063274283,EQT,natural gas
183,2025-01-22,53.591051784871084,EQT,natural gas
184,2025-01-23,53.4664234832841,EQT,natural gas
185,2025-01-24,53.441495957694805,EQT,natural gas
186,2025-01-27,49.712555793083396,EQT,natural gas
187,2025-01-28,49.34365019281211,EQT,natural gas
188,2025-01-29,50.16122365529523,EQT,natural gas
189,2025-01-30,51.138328826550676,EQT,natural gas
190,2025-01-31,51.41750015782591,EQT,natural gas
191,2025-02-03,51.84124340748622,EQT,natural gas
192,2025-02-04,51.631862455492296,EQT,natural gas
193,2025-02-05,52.384631473983916,EQT,natural gas
194,2025-02-06,52.12041263165518,EQT,natural gas
195,2025-02-07,51.00372549238736,EQT,natural gas
196,2025-02-10,52.384632826620106,EQT,natural gas
197,2025-02-11,53.51128870795081,EQT,natural gas
198,2025-02-12,52.833301078764066,EQT,natural gas
199,2025-02-13,52.579052553668774,EQT,natural gas
200,2025-02-14,53.02772302605804,EQT,natural gas
201,2025-02-18,53.69999885559082,EQT,natural gas
202,2025-02-19,54.60500144958496,EQT,natural gas
203,2025-02-20,53.03000068664551,EQT,natural gas
204,2025-02-21,51.3700008392334,EQT,natural gas
205,2025-02-24,50.07500076293945,EQT,natural gas
206,2025-02-25,49.420000076293945,EQT,natural gas
207,2025-02-26,49.165000915527344,EQT,natural gas
208,2025-02-27,47.845001220703125,EQT,natural gas
209,2025-02-28,47.25,EQT,natural gas
210,2025-03-03,48.779998779296875,EQT,natural gas
211,2025-03-04,49.32500076293945,EQT,natural gas
212,2025-03-05,49.96000099182129,EQT,natural gas
213,2025-03-06,47.6299991607666,EQT,natural gas
214,2025-03-07,46.295000076293945,EQT,natural gas
215,2025-03-10,47.46000099182129,EQT,natural gas
216,2025-03-11,48.635000228881836,EQT,natural gas
217,2025-03-12,49.30500030517578,EQT,natural gas
218,2025-03-13,48.7450008392334,EQT,natural gas
219,2025-03-14,50.095001220703125,EQT,natural gas
220,2025-03-17,51.07500076293945,EQT,natural gas
221,2025-03-18,52.670000076293945,EQT,natural gas
222,2025-03-19,53.21999931335449,EQT,natural gas
223,2025-03-20,53.51499938964844,EQT,natural gas
224,2025-03-21,53.03000068664551,EQT,natural gas
225,2025-03-24,53.71500015258789,EQT,natural gas
226,2025-03-25,54.20000076293945,EQT,natural gas
227,2025-03-26,53.875,EQT,natural gas
228,2025-03-27,52.73500061035156,EQT,natural gas
229,2025-03-28,52.584999084472656,EQT,natural gas
230,2025-03-31,53.05999946594238,EQT,natural gas
231,2025-04-01,53.77499961853027,EQT,natural gas
232,2025-04-02,53.864999771118164,EQT,natural gas
233,2025-04-03,51.80999946594238,EQT,natural gas
234,2025-04-04,47.64500045776367,EQT,natural gas
235,2025-04-07,45.970001220703125,EQT,natural gas
236,2025-04-08,48.65500068664551,EQT,natural gas
237,2025-04-09,48.28499984741211,EQT,natural gas
238,2025-04-10,48.650001525878906,EQT,natural gas
239,2025-04-11,48.920000076293945,EQT,natural gas
300,2025-01-16,18.155000686645508,AAL,nickel
301,2025-01-17,18.40999984741211,AAL,nickel
302,2025-01-21,18.579999923706055,AAL,nickel
303,2025-01-22,18.875,AAL,nickel
304,2025-01-23,17.164999961853027,AAL,nickel
305,2025-01-24,16.90499973297119,AAL,nickel
306,2025-01-27,17.010000228881836,AAL,nickel
307,2025-01-28,17.114999771118164,AAL,nickel
308,2025-01-29,17.234999656677246,AAL,nickel
309,2025-01-30,16.914999961853027,AAL,nickel
310,2025-01-31,16.9399995803833,AAL,nickel
311,2025-02-03,16.545000076293945,AAL,nickel
312,2025-02-04,16.795000076293945,AAL,nickel
313,2025-02-05,16.90499973297119,AAL,nickel
314,2025-02-06,17.06999969482422,AAL,nickel
315,2025-02-07,17.119999885559082,AAL,nickel
316,2025-02-10,16.910000801086426,AAL,nickel
317,2025-02-11,16.420000076293945,AAL,nickel
318,2025-02-12,16.31999969482422,AAL,nickel
319,2025-02-13,16.050000190734863,AAL,nickel
320,2025-02-14,15.90500020980835,AAL,nickel
321,2025-02-18,15.980000019073486,AAL,nickel
322,2025-02-19,16.0,AAL,nickel
323,2025-02-20,15.90999984741211,AAL,nickel
324,2025-02-21,15.579999923706055,AAL,nickel
325,2025-02-24,15.345000267028809,AAL,nickel
326,2025-02-25,15.25,AAL,nickel
327,2025-02-26,15.325000286102295,AAL,nickel
328,2025-02-27,14.824999809265137,AAL,nickel
329,2025-02-28,14.460000038146973,AAL,nickel
330,2025-03-03,14.114999771118164,AAL,nickel
331,2025-03-04,13.4350004196167,AAL,nickel
332,2025-03-05,13.800000190734863,AAL,nickel
333,2025-03-06,13.53499984741211,AAL,nickel
334,2025-03-07,13.079999923706055,AAL,nickel
335,2025-03-10,12.610000133514404,AAL,nickel
336,2025-03-11,11.980000019073486,AAL,nickel
337,2025-03-12,11.240000247955322,AAL,nickel
338,2025-03-13,10.829999923706055,AAL,nickel
339,2025-03-14,10.869999885559082,AAL,nickel
340,2025-03-17,11.099999904632568,AAL,nickel
341,2025-03-18,11.119999885559082,AAL,nickel
342,2025-03-19,11.304999828338623,AAL,nickel
343,2025-03-20,11.309999942779541,AAL,nickel
344,2025-03-21,11.230000019073486,AAL,nickel
345,2025-03-24,11.695000171661377,AAL,nickel
346,2025-03-25,11.730000019073486,AAL,nickel
347,2025-03-26,11.494999885559082,AAL,nickel
348,2025-03-27,11.230000019073486,AAL,nickel
349,2025-03-28,10.880000114440918,AAL,nickel
350,2025-03-31,10.480000019073486,AAL,nickel
351,2025-04-01,10.300000190734863,AAL,nickel
352,2025-04-02,10.349999904632568,AAL,nickel
353,2025-04-03,9.744999885559082,AAL,nickel
354,2025-04-04,9.34000015258789,AAL,nickel
355,2025-04-07,9.360000133514404,AAL,nickel
356,2025-04-08,9.559999942779541,AAL,nickel
357,2025-04-09,10.125,AAL,nickel
358,2025-04-10,10.019999980926514,AAL,nickel
359,2025-04-11,9.59000015258789,AAL,nickel
420,2025-01-16,51.25,IAU,gold
421,2025-01-17,51.025001525878906,IAU,gold
422,2025-01-21,51.64999961853027,IAU,gold
423,2025-01-22,52.01999855041504,IAU,gold
424,2025-01-23,51.885000228881836,IAU,gold
425,2025-01-24,52.329999923706055,IAU,gold
426,2025-01-27,51.834999084472656,IAU,gold
427,2025-01-28,52.079999923706055,IAU,gold
428,2025-01-29,52.02000045776367,IAU,gold
429,2025-01-30,52.67499923706055,IAU,gold
430,2025-01-31,52.93000030517578,IAU,gold
431,2025-02-03,53.14999961853027,IAU,gold
432,2025-02-04,53.619998931884766,IAU,gold
433,2025-02-05,54.05000114440918,IAU,gold
434,2025-02-06,53.90999984741211,IAU,gold
435,2025-02-07,54.10000038146973,IAU,gold
436,2025-02-10,54.85500144958496,IAU,gold
437,2025-02-11,54.724998474121094,IAU,gold
438,2025-02-12,54.70000076293945,IAU,gold
439,2025-02-13,55.084999084472656,IAU,gold
440,2025-02-14,54.85000038146973,IAU,gold
441,2025-02-18,55.26499938964844,IAU,gold
442,2025-02-19,55.39499855041504,IAU,gold
443,2025-02-20,55.35999870300293,IAU,gold
444,2025-02-21,55.385000228881836,IAU,gold
445,2025-02-24,55.60000038146973,IAU,gold
446,2025-02-25,55.25,IAU,gold
447,2025-02-26,54.84000015258789,IAU,gold
448,2025-02-27,54.36000061035156,IAU,gold
449,2025-02-28,53.78499984741211,IAU,gold
450,2025-03-03,54.39999961853027,IAU,gold
451,2025-03-04,55.045000076293945,IAU,gold
452,2025-03-05,54.994998931884766,IAU,gold
453,2025-03-06,54.869998931884766,IAU,gold
454,2025-03-07,54.97500038146973,IAU,gold
455,2025-03-10,54.59000015258789,IAU,gold
456,2025-03-11,55.0049991607666,IAU,gold
457,2025-03-12,55.114999771118164,IAU,gold
458,2025-03-13,55.920000076293945,IAU,gold
459,2025-03-14,56.40500068664551,IAU,gold
460,2025-03-17,56.494998931884766,IAU,gold
461,2025-03-18,57.27499961853027,IAU,gold
462,2025-03-19,57.38999938964844,IAU,gold
463,2025-03-20,57.30999946594238,IAU,gold
464,2025-03-21,57.05500030517578,IAU,gold
465,2025-03-24,56.8700008392334,IAU,gold
466,2025-03-25,57.005001068115234,IAU,gold
467,2025-03-26,56.994998931884766,IAU,gold
468,2025-03-27,57.53000068664551,IAU,gold
469,2025-03-28,58.09000015258789,IAU,gold
470,2025-03-31,58.89500045776367,IAU,gold
471,2025-04-01,58.954999923706055,IAU,gold
472,2025-04-02,58.96000099182129,IAU,gold
473,2025-04-03,58.224998474121094,IAU,gold
474,2025-04-04,57.64499855041504,IAU,gold
475,2025-04-07,56.56999969482422,IAU,gold
476,2025-04-08,56.579999923706055,IAU,gold
477,2025-04-09,58.060001373291016,IAU,gold
478,2025-04-10,59.454999923706055,IAU,gold
479,2025-04-11,60.954999923706055,IAU,gold
480,2025-01-16,93.14446173535478,SBUX,coffee
481,2025-01-17,94.84025038000708,SBUX,coffee
482,2025-01-21,96.17302478716073,SBUX,coffee
483,2025-01-22,97.32676358090129,SBUX,coffee
484,2025-01-23,97.46600312412431,SBUX,coffee
485,2025-01-24,97.76935843842557,SBUX,coffee
486,2025-01-27,98.73411307437162,SBUX,coffee
487,2025-01-28,99.13693280245835,SBUX,coffee
488,2025-01-29,105.069734227572,SBUX,coffee
489,2025-01-30,108.4115982055664,SBUX,coffee
490,2025-01-31,107.75516141518568,SBUX,coffee
491,2025-02-03,106.36271832470766,SBUX,coffee
492,2025-02-04,109.04316173042884,SBUX,coffee
493,2025-02-05,110.61463790029555,SBUX,coffee
494,2025-02-06,111.27107372700098,SBUX,coffee
495,2025-02-07,111.21139456652617,SBUX,coffee
496,2025-02-10,111.41031821983876,SBUX,coffee
497,2025-02-11,110.35603765319158,SBUX,coffee
498,2025-02-12,111.19647879937611,SBUX,coffee
499,2025-02-13,112.44967686139671,SBUX,coffee
500,2025-02-14,112.68500137329102,SBUX,coffee
501,2025-02-18,112.41500091552734,SBUX,coffee
502,2025-02-19,112.46500015258789,SBUX,coffee
503,2025-02-20,112.75499725341797,SBUX,coffee
504,2025-02-21,112.54000091552734,SBUX,coffee
505,2025-02-24,112.76499938964844,SBUX,coffee
506,2025-02-25,113.83499908447266,SBUX,coffee
507,2025-02-26,113.80500030517578,SBUX,coffee
508,2025-02-27,113.74499893188477,SBUX,coffee
509,2025-02-28,115.43499755859375,SBUX,coffee
510,2025-03-03,115.72500228881836,SBUX,coffee
511,2025-03-04,113.52499771118164,SBUX,coffee
512,2025-03-05,111.63000106811523,SBUX,coffee
513,2025-03-06,107.7400016784668,SBUX,coffee
514,2025-03-07,105.6050033569336,SBUX,coffee
515,2025-03-10,103.43000030517578,SBUX,coffee
516,2025-03-11,100.73500061035156,SBUX,coffee
517,2025-03-12,99.49500274658203,SBUX,coffee
518,2025-03-13,97.375,SBUX,coffee
519,2025-03-14,97.31499862670898,SBUX,coffee
520,2025-03-17,98.39500045776367,SBUX,coffee
521,2025-03-18,98.75500106811523,SBUX,coffee
522,2025-03-19,98.72999954223633,SBUX,coffee
523,2025-03-20,99.06499862670898,SBUX,coffee
524,2025-03-21,97.50500106811523,SBUX,coffee
525,2025-03-24,96.875,SBUX,coffee
526,2025-03-25,96.03499984741211,SBUX,coffee
527,2025-03-26,96.98500061035156,SBUX,coffee
528,2025-03-27,98.375,SBUX,coffee
529,2025-03-28,97.8650016784668,SBUX,coffee
530,2025-03-31,97.35499954223633,SBUX,coffee
531,2025-04-01,98.04000091552734,SBUX,coffee
532,2025-04-02,98.41000366210938,SBUX,coffee
533,2025-04-03,90.80500030517578,SBUX,coffee
534,2025-04-04,83.38000106811523,SBUX,coffee
535,2025-04-07,79.31499862670898,SBUX,coffee
536,2025-04-08,81.38000106811523,SBUX,coffee
537,2025-04-09,83.95000076293945,SBUX,coffee
538,2025-04-10,85.35499954223633,SBUX,coffee
539,2025-04-11,84.93000030517578,SBUX,coffee
540,2025-01-16,5.619999885559082,AG,silver
541,2025-01-17,5.664999961853027,AG,silver
542,2025-01-21,5.795000076293945,AG,silver
543,2025-01-22,5.690000057220459,AG,silver
544,2025-01-23,5.545000076293945,AG,silver
545,2025-01-24,5.694999933242798,AG,silver
546,2025-01-27,5.394999980926514,AG,silver
547,2025-01-28,5.330000162124634,AG,silver
548,2025-01-29,5.440000057220459,AG,silver
549,2025-01-30,5.879999876022339,AG,silver
550,2025-01-31,5.8349997997283936,AG,silver
551,2025-02-03,5.684999942779541,AG,silver
552,2025-02-04,6.014999866485596,AG,silver
553,2025-02-05,6.085000038146973,AG,silver
554,2025-02-06,5.920000076293945,AG,silver
555,2025-02-07,5.789999961853027,AG,silver
556,2025-02-10,5.759999990463257,AG,silver
557,2025-02-11,5.615000009536743,AG,silver
558,2025-02-12,5.690000057220459,AG,silver
559,2025-02-13,5.744999885559082,AG,silver
560,2025-02-14,5.700000047683716,AG,silver
561,2025-02-18,5.454999923706055,AG,silver
562,2025-02-19,5.359999895095825,AG,silver
563,2025-02-20,5.580000162124634,AG,silver
564,2025-02-21,5.610000133514404,AG,silver
565,2025-02-24,5.640000104904175,AG,silver
566,2025-02-25,5.539999961853027,AG,silver
567,2025-02-26,5.610000133514404,AG,silver
568,2025-02-27,5.480000019073486,AG,silver
569,2025-02-28,5.294999837875366,AG,silver
570,2025-03-03,5.450000047683716,AG,silver
571,2025-03-04,5.400000095367432,AG,silver
572,2025-03-05,5.605000019073486,AG,silver
573,2025-03-06,5.7799999713897705,AG,silver
574,2025-03-07,5.855000019073486,AG,silver
575,2025-03-10,5.670000076293945,AG,silver
576,2025-03-11,5.9100000858306885,AG,silver
577,2025-03-12,6.139999866485596,AG,silver
578,2025-03-13,6.419999837875366,AG,silver
579,2025-03-14,6.734999895095825,AG,silver
580,2025-03-17,6.894999980926514,AG,silver
581,2025-03-18,7.275000095367432,AG,silver
582,2025-03-19,7.2149999141693115,AG,silver
583,2025-03-20,7.049999952316284,AG,silver
584,2025-03-21,6.914999961853027,AG,silver
585,2025-03-24,6.940000057220459,AG,silver
586,2025-03-25,7.049999952316284,AG,silver
587,2025-03-26,6.855000019073486,AG,silver
588,2025-03-27,6.954999923706055,AG,silver
589,2025-03-28,6.890000104904175,AG,silver
590,2025-03-31,6.7250001430511475,AG,silver
591,2025-04-01,6.650000095367432,AG,silver
592,2025-04-02,6.634999990463257,AG,silver
593,2025-04-03,6.269999980926514,AG,silver
594,2025-04-04,5.8399999141693115,AG,silver
595,2025-04-07,5.4700000286102295,AG,silver
596,2025-04-08,5.494999885559082,AG,silver
597,2025-04-09,5.684999942779541,AG,silver
598,2025-04-10,5.950000047683716,AG,silver
599,2025-04-11,6.299999952316284,AG,silver
600,2025-01-16,15.835000038146973,GOLD,gold
601,2025-01-17,15.864999771118164,GOLD,gold
602,2025-01-21,15.964999675750732,GOLD,gold
603,2025-01-22,15.9350004196167,GOLD,gold
604,2025-01-23,15.710000038146973,GOLD,gold
605,2025-01-24,16.09999942779541,GOLD,gold
606,2025-01-27,15.964999675750732,GOLD,gold
607,2025-01-28,16.009999752044678,GOLD,gold
608,2025-01-29,15.920000076293945,GOLD,gold
609,2025-01-30,16.40499973297119,GOLD,gold
610,2025-01-31,16.570000648498535,GOLD,gold
611,2025-02-03,16.489999771118164,GOLD,gold
612,2025-02-04,16.640000343322754,GOLD,gold
613,2025-02-05,17.0,GOLD,gold
614,2025-02-06,17.15999984741211,GOLD,gold
615,2025-02-07,17.190000534057617,GOLD,gold
616,2025-02-10,17.475000381469727,GOLD,gold
617,2025-02-11,17.204999923706055,GOLD,gold
618,2025-02-12,17.755000114440918,GOLD,gold
619,2025-02-13,18.329999923706055,GOLD,gold
620,2025-02-14,18.21500015258789,GOLD,gold
621,2025-02-18,18.34500026702881,GOLD,gold
622,2025-02-19,18.535000801086426,GOLD,gold
623,2025-02-20,18.835000038146973,GOLD,gold
624,2025-02-21,18.494999885559082,GOLD,gold
625,2025-02-24,18.369999885559082,GOLD,gold
626,2025-02-25,18.109999656677246,GOLD,gold
627,2025-02-26,18.22000026702881,GOLD,gold
628,2025-02-27,17.97000026702881,GOLD,gold
629,2025-02-28,17.55500030517578,GOLD,gold
630,2025-03-03,17.86500072479248,GOLD,gold
631,2025-03-04,17.864999771118164,GOLD,gold
632,2025-03-05,18.219999313354492,GOLD,gold
633,2025-03-06,18.394999504089355,GOLD,gold
634,2025-03-07,18.485000610351562,GOLD,gold
635,2025-03-10,18.350000381469727,GOLD,gold
636,2025-03-11,18.420000076293945,GOLD,gold
637,2025-03-12,18.364999771118164,GOLD,gold
638,2025-03-13,18.609999656677246,GOLD,gold
639,2025-03-14,18.90000057220459,GOLD,gold
640,2025-03-17,19.03499984741211,GOLD,gold
641,2025-03-18,19.479999542236328,GOLD,gold
642,2025-03-19,19.375,GOLD,gold
643,2025-03-20,19.235000610351562,GOLD,gold
644,2025-03-21,18.940000534057617,GOLD,gold
645,2025-03-24,18.90999984741211,GOLD,gold
646,2025-03-25,19.230000495910645,GOLD,gold
647,2025-03-26,19.369999885559082,GOLD,gold
648,2025-03-27,19.514999389648438,GOLD,gold
649,2025-03-28,19.44499969482422,GOLD,gold
650,2025-03-31,19.420000076293945,GOLD,gold
651,2025-04-01,19.579999923706055,GOLD,gold
652,2025-04-02,19.559999465942383,GOLD,gold
653,2025-04-03,18.869999885559082,GOLD,gold
654,2025-04-04,18.239999771118164,GOLD,gold
655,2025-04-07,17.394999504089355,GOLD,gold
656,2025-04-08,17.885000228881836,GOLD,gold
657,2025-04-09,18.479999542236328,GOLD,gold
658,2025-04-10,19.09500026702881,GOLD,gold
659,2025-04-11,20.350000381469727,GOLD,gold
660,2025-01-16,19.320000648498535,CORN,corn
661,2025-01-17,19.520000457763672,CORN,corn
662,2025-01-21,19.78499984741211,CORN,corn
663,2025-01-22,19.780000686645508,CORN,corn
664,2025-01-23,19.80500030517578,CORN,corn
665,2025-01-24,19.77999973297119,CORN,corn
666,2025-01-27,19.619999885559082,CORN,corn
667,2025-01-28,19.77500057220459,CORN,corn
668,2025-01-29,20.065000534057617,CORN,corn
669,2025-01-30,20.074999809265137,CORN,corn
670,2025-01-31,19.755000114440918,CORN,corn
671,2025-02-03,19.75,CORN,corn
672,2025-02-04,20.09500026702881,CORN,corn
673,2025-02-05,20.170000076293945,CORN,corn
674,2025-02-06,20.204999923706055,CORN,corn
675,2025-02-07,20.074999809265137,CORN,corn
676,2025-02-10,20.114999771118164,CORN,corn
677,2025-02-11,20.130000114440918,CORN,corn
678,2025-02-12,20.11500072479248,CORN,corn
679,2025-02-13,20.184999465942383,CORN,corn
680,2025-02-14,20.269999504089355,CORN,corn
681,2025-02-18,20.494999885559082,CORN,corn
682,2025-02-19,20.53499984741211,CORN,corn
683,2025-02-20,20.575000762939453,CORN,corn
684,2025-02-21,20.335000038146973,CORN,corn
685,2025-02-24,20.049999237060547,CORN,corn
686,2025-02-25,19.890000343322754,CORN,corn
687,2025-02-26,19.920000076293945,CORN,corn
688,2025-02-27,19.610000610351562,CORN,corn
689,2025-02-28,19.28499984741211,CORN,corn
690,2025-03-03,18.84000015258789,CORN,corn
691,2025-03-04,18.47000026702881,CORN,corn
692,2025-03-05,18.609999656677246,CORN,corn
693,2025-03-06,18.75999927520752,CORN,corn
694,2025-03-07,18.979999542236328,CORN,corn
695,2025-03-10,19.145000457763672,CORN,corn
696,2025-03-11,19.13499927520752,CORN,corn
697,2025-03-12,18.860000610351562,CORN,corn
698,2025-03-13,18.880000114440918,CORN,corn
699,2025-03-14,18.880000114440918,CORN,corn
700,2025-03-17,18.949999809265137,CORN,corn
701,2025-03-18,18.960000038146973,CORN,corn
702,2025-03-19,18.850000381469727,CORN,corn
703,2025-03-20,18.949999809265137,CORN,corn
704,2025-03-21,18.929999351501465,CORN,corn
705,2025-03-24,18.914999961853027,CORN,corn
706,2025-03-25,18.78499984741211,CORN,corn
707,2025-03-26,18.679999351501465,CORN,corn
708,2025-03-27,18.5,CORN,corn
709,2025-03-28,18.40999984741211,CORN,corn
710,2025-03-31,18.53499984741211,CORN,corn
711,2025-04-01,18.69499969482422,CORN,corn
712,2025-04-02,18.65000057220459,CORN,corn
713,2025-04-03,18.585000038146973,CORN,corn
714,2025-04-04,18.614999771118164,CORN,corn
715,2025-04-07,18.639999389648438,CORN,corn
716,2025-04-08,18.77999973297119,CORN,corn
717,2025-04-09,18.97499942779541,CORN,corn
718,2025-04-10,19.09500026702881,CORN,corn
719,2025-04-11,19.479999542236328,CORN,corn
720,2025-01-16,41.52845233402459,NEM,gold
721,2025-01-17,41.26501289723019,NEM,gold
722,2025-01-21,41.98076497680766,NEM,gold
723,2025-01-22,41.85650434415291,NEM,gold
724,2025-01-23,41.48371646858064,NEM,gold
725,2025-01-24,42.060296159431125,NEM,gold
726,2025-01-27,41.359454539677046,NEM,gold
727,2025-01-28,41.215308434620724,NEM,gold
728,2025-01-29,41.26004412576526,NEM,gold
729,2025-01-30,42.482785155587706,NEM,gold
730,2025-01-31,42.85060446991006,NEM,gold
731,2025-02-03,42.756163336452744,NEM,gold
732,2025-02-04,42.96492242947493,NEM,gold
733,2025-02-05,44.247309521087416,NEM,gold
734,2025-02-06,44.64494929550031,NEM,gold
735,2025-02-07,44.744359927959884,NEM,gold
736,2025-02-10,45.95716032383905,NEM,gold
737,2025-02-11,45.47502129687257,NEM,gold
738,2025-02-12,45.78816354743083,NEM,gold
739,2025-02-13,47.09043275627429,NEM,gold
740,2025-02-14,46.886642645058856,NEM,gold
741,2025-02-18,47.16995745388894,NEM,gold
742,2025-02-19,46.87670141037873,NEM,gold
743,2025-02-20,47.46321966297243,NEM,gold
744,2025-02-21,46.12118651659809,NEM,gold
745,2025-02-24,44.46104326710353,NEM,gold
746,2025-02-25,43.094157059221516,NEM,gold
747,2025-02-26,43.084214455383446,NEM,gold
748,2025-02-27,42.368463273439986,NEM,gold
749,2025-02-28,41.970824131709826,NEM,gold
750,2025-03-03,42.776046484174785,NEM,gold
751,2025-03-04,42.625,NEM,gold
752,2025-03-05,43.349998474121094,NEM,gold
753,2025-03-06,43.79499816894531,NEM,gold
754,2025-03-07,43.834999084472656,NEM,gold
755,2025-03-10,42.93499946594238,NEM,gold
756,2025-03-11,43.03999900817871,NEM,gold
757,2025-03-12,43.470001220703125,NEM,gold
758,2025-03-13,44.86000061035156,NEM,gold
759,2025-03-14,46.454999923706055,NEM,gold
760,2025-03-17,47.11000061035156,NEM,gold
761,2025-03-18,48.07500076293945,NEM,gold
762,2025-03-19,47.920000076293945,NEM,gold
763,2025-03-20,47.6299991607666,NEM,gold
764,2025-03-21,47.239999771118164,NEM,gold
765,2025-03-24,47.03499984741211,NEM,gold
766,2025-03-25,47.43000030517578,NEM,gold
767,2025-03-26,47.64999961853027,NEM,gold
768,2025-03-27,48.09000015258789,NEM,gold
769,2025-03-28,48.53000068664551,NEM,gold
770,2025-03-31,48.38999938964844,NEM,gold
771,2025-04-01,48.329999923706055,NEM,gold
772,2025-04-02,48.71500015258789,NEM,gold
773,2025-04-03,47.51500129699707,NEM,gold
774,2025-04-04,45.52499961853027,NEM,gold
775,2025-04-07,44.20000076293945,NEM,gold
776,2025-04-08,45.79999923706055,NEM,gold
777,2025-04-09,47.47500038146973,NEM,gold
778,2025-04-10,49.920000076293945,NEM,gold
779,2025-04-11,54.40500068664551,NEM,gold
780,2025-01-16,93.97137468472732,ALB,lithium
781,2025-01-17,95.91046927972965,ALB,lithium
782,2025-01-21,95.04036226622372,ALB,lithium
783,2025-01-22,91.31631111452185,ALB,lithium
784,2025-01-23,89.39710754706255,ALB,lithium
785,2025-01-24,89.29766824474774,ALB,lithium
786,2025-01-27,88.00493848188282,ALB,lithium
787,2025-01-28,86.56802485120056,ALB,lithium
788,2025-01-29,85.82221732128083,ALB,lithium
789,2025-01-30,85.89679916965855,ALB,lithium
790,2025-01-31,84.45491359353102,ALB,lithium
791,2025-02-03,80.52700730658009,ALB,lithium
792,2025-02-04,81.33247310885825,ALB,lithium
793,2025-02-05,79.49779770066331,ALB,lithium
794,2025-02-06,79.55248868918116,ALB,lithium
795,2025-02-07,77.74764205703305,ALB,lithium
796,2025-02-10,76.01737341045444,ALB,lithium
797,2025-02-11,74.13795095781273,ALB,lithium
798,2025-02-12,75.73397145317259,ALB,lithium
799,2025-02-13,79.12986915474478,ALB,lithium
800,2025-02-14,80.23366109630012,ALB,lithium
801,2025-02-18,81.58107857742154,ALB,lithium
802,2025-02-19,82.44621072539165,ALB,lithium
803,2025-02-20,82.44123750666768,ALB,lithium
804,2025-02-21,81.5462705396107,ALB,lithium
805,2025-02-24,80.49220520877131,ALB,lithium
806,2025-02-25,79.21438845472491,ALB,lithium
807,2025-02-26,77.77747541007884,ALB,lithium
808,2025-02-27,77.78244706613896,ALB,lithium
809,2025-02-28,76.76814920967571,ALB,lithium
810,2025-03-03,73.94403111542579,ALB,lithium
811,2025-03-04,70.18518420097146,ALB,lithium
812,2025-03-05,73.26286898450222,ALB,lithium
813,2025-03-06,74.18767354282724,ALB,lithium
814,2025-03-07,74.47604690377602,ALB,lithium
815,2025-03-10,75.56989374979142,ALB,lithium
816,2025-03-11,74.44124053528589,ALB,lithium
817,2025-03-12,72.07952339882425,ALB,lithium
818,2025-03-13,72.10935732314898,ALB,lithium
819,2025-03-14,74.71000289916992,ALB,lithium
820,2025-03-17,77.75499725341797,ALB,lithium
821,2025-03-18,78.75,ALB,lithium
822,2025-03-19,79.05500030517578,ALB,lithium
823,2025-03-20,77.22000122070312,ALB,lithium
824,2025-03-21,76.65999984741211,ALB,lithium
825,2025-03-24,77.88500213623047,ALB,lithium
826,2025-03-25,77.76499938964844,ALB,lithium
827,2025-03-26,76.70000076293945,ALB,lithium
828,2025-03-27,74.66500091552734,ALB,lithium
829,2025-03-28,73.17500305175781,ALB,lithium
830,2025-03-31,71.26499938964844,ALB,lithium
831,2025-04-01,71.7750015258789,ALB,lithium
832,2025-04-02,71.4749984741211,ALB,lithium
833,2025-04-03,67.8650016784668,ALB,lithium
834,2025-04-04,60.875,ALB,lithium
835,2025-04-07,57.5049991607666,ALB,lithium
836,2025-04-08,55.439998626708984,ALB,lithium
837,2025-04-09,55.56999969482422,ALB,lithium
838,2025-04-10,55.90999984741211,ALB,lithium
839,2025-04-11,55.60999870300293,ALB,lithium
840,2025-01-16,19.515000343322754,UNG,natural gas
841,2025-01-17,18.420000076293945,UNG,natural gas
842,2025-01-21,17.859999656677246,UNG,natural gas
843,2025-01-22,18.200000762939453,UNG,natural gas
844,2025-01-23,18.489999771118164,UNG,natural gas
845,2025-01-24,17.985000610351562,UNG,natural gas
846,2025-01-27,17.184999465942383,UNG,natural gas
847,2025-01-28,16.440000534057617,UNG,natural gas
848,2025-01-29,16.734999656677246,UNG,natural gas
849,2025-01-30,16.3149995803833,UNG,natural gas
850,2025-01-31,16.080000400543213,UNG,natural gas
851,2025-02-03,17.539999961853027,UNG,natural gas
852,2025-02-04,16.899999618530273,UNG,natural gas
853,2025-02-05,17.369999885559082,UNG,natural gas
854,2025-02-06,17.6899995803833,UNG,natural gas
855,2025-02-07,17.625,UNG,natural gas
856,2025-02-10,18.014999389648438,UNG,natural gas
857,2025-02-11,18.630000114440918,UNG,natural gas
858,2025-02-12,18.77500057220459,UNG,natural gas
859,2025-02-13,19.34500026702881,UNG,natural gas
860,2025-02-14,19.630000114440918,UNG,natural gas
861,2025-02-18,20.285000801086426,UNG,natural gas
862,2025-02-19,22.170000076293945,UNG,natural gas
863,2025-02-20,21.72499942779541,UNG,natural gas
864,2025-02-21,22.239999771118164,UNG,natural gas
865,2025-02-24,21.140000343322754,UNG,natural gas
866,2025-02-25,21.53499984741211,UNG,natural gas
867,2025-02-26,21.269999504089355,UNG,natural gas
868,2025-02-27,21.050000190734863,UNG,natural gas
869,2025-02-28,20.480000495910645,UNG,natural gas
870,2025-03-03,21.320000648498535,UNG,natural gas
871,2025-03-04,23.175000190734863,UNG,natural gas
872,2025-03-05,23.164999961853027,UNG,natural gas
873,2025-03-06,23.005000114440918,UNG,natural gas
874,2025-03-07,22.695000648498535,UNG,natural gas
875,2025-03-10,23.850000381469727,UNG,natural gas
876,2025-03-11,23.68000030517578,UNG,natural gas
877,2025-03-12,21.979999542236328,UNG,natural gas
878,2025-03-13,21.265000343322754,UNG,natural gas
879,2025-03-14,21.47000026702881,UNG,natural gas
880,2025-03-17,21.31999969482422,UNG,natural gas
881,2025-03-18,21.52999973297119,UNG,natural gas
882,2025-03-19,22.195000648498535,UNG,natural gas
883,2025-03-20,21.53499984741211,UNG,natural gas
884,2025-03-21,21.020000457763672,UNG,natural gas
885,2025-03-24,20.864999771118164,UNG,natural gas
886,2025-03-25,20.5649995803833,UNG,natural gas
887,2025-03-26,20.274999618530273,UNG,natural gas
888,2025-03-27,20.295000076293945,UNG,natural gas
889,2025-03-28,20.90999984741211,UNG,natural gas
890,2025-03-31,21.86500072479248,UNG,natural gas
891,2025-04-01,20.910000801086426,UNG,natural gas
892,2025-04-02,21.059999465942383,UNG,natural gas
893,2025-04-03,21.6899995803833,UNG,natural gas
894,2025-04-04,20.105000495910645,UNG,natural gas
895,2025-04-07,19.579999923706055,UNG,natural gas
896,2025-04-08,18.9350004196167,UNG,natural gas
897,2025-04-09,18.920000076293945,UNG,natural gas
898,2025-04-10,18.804999351501465,UNG,natural gas
899,2025-04-11,18.3149995803833,UNG,natural gas
900,2025-01-16,41.6299991607666,LIT,lithium
901,2025-01-17,42.09000015258789,LIT,lithium
902,2025-01-21,42.3700008392334,LIT,lithium
903,2025-01-22,41.790000915527344,LIT,lithium
904,2025-01-23,41.21500015258789,LIT,lithium
905,2025-01-24,41.4900016784668,LIT,lithium
906,2025-01-27,40.91499900817871,LIT,lithium
907,2025-01-28,40.67999839782715,LIT,lithium
908,2025-01-29,40.76500129699707,LIT,lithium
909,2025-01-30,40.989999771118164,LIT,lithium
910,2025-01-31,40.650001525878906,LIT,lithium
911,2025-02-03,39.46500015258789,LIT,lithium
912,2025-02-04,39.94499969482422,LIT,lithium
913,2025-02-05,40.35999870300293,LIT,lithium
914,2025-02-06,41.10000038146973,LIT,lithium
915,2025-02-07,41.27000045776367,LIT,lithium
916,2025-02-10,41.079999923706055,LIT,lithium
917,2025-02-11,40.2549991607666,LIT,lithium
918,2025-02-12,40.97500038146973,LIT,lithium
919,2025-02-13,41.81500053405762,LIT,lithium
920,2025-02-14,42.3799991607666,LIT,lithium
921,2025-02-18,42.18499946594238,LIT,lithium
922,2025-02-19,42.165000915527344,LIT,lithium
923,2025-02-20,42.71999931335449,LIT,lithium
924,2025-02-21,42.8700008392334,LIT,lithium
925,2025-02-24,42.38999938964844,LIT,lithium
926,2025-02-25,42.010000228881836,LIT,lithium
927,2025-02-26,42.0,LIT,lithium
928,2025-02-27,41.959999084472656,LIT,lithium
929,2025-02-28,40.68000030517578,LIT,lithium
930,2025-03-03,41.09000015258789,LIT,lithium
931,2025-03-04,39.89999961853027,LIT,lithium
932,2025-03-05,40.40999984741211,LIT,lithium
933,2025-03-06,40.704999923706055,LIT,lithium
934,2025-03-07,40.540000915527344,LIT,lithium
935,2025-03-10,39.8799991607666,LIT,lithium
936,2025-03-11,39.97500038146973,LIT,lithium
937,2025-03-12,40.21999931335449,LIT,lithium
938,2025-03-13,39.80999946594238,LIT,lithium
939,2025-03-14,40.59000015258789,LIT,lithium
940,2025-03-17,41.27499961853027,LIT,lithium
941,2025-03-18,41.34000015258789,LIT,lithium
942,2025-03-19,41.43499946594238,LIT,lithium
943,2025-03-20,40.97999954223633,LIT,lithium
944,2025-03-21,40.255001068115234,LIT,lithium
945,2025-03-24,40.72999954223633,LIT,lithium
946,2025-03-25,40.67500114440918,LIT,lithium
947,2025-03-26,40.52000045776367,LIT,lithium
948,2025-03-27,40.2450008392334,LIT,lithium
949,2025-03-28,39.635000228881836,LIT,lithium
950,2025-03-31,38.64999961853027,LIT,lithium
951,2025-04-01,38.505001068115234,LIT,lithium
952,2025-04-02,38.364999771118164,LIT,lithium
953,2025-04-03,37.19000053405762,LIT,lithium
954,2025-04-04,35.189998626708984,LIT,lithium
955,2025-04-07,32.64500045776367,LIT,lithium
956,2025-04-08,32.69000053405762,LIT,lithium
957,2025-04-09,33.8799991607666,LIT,lithium
958,2025-04-10,34.439998626708984,LIT,lithium
959,2025-04-11,35.02000045776367,LIT,lithium
960,2025-01-16,249.00919393637795,LNG,natural gas
961,2025-01-17,253.2893772469927,LNG,natural gas
962,2025-01-21,250.48081838044865,LNG,natural gas
963,2025-01-22,238.1341109127821,LNG,natural gas
964,2025-01-23,234.5922331911042,LNG,natural gas
965,2025-01-24,233.2203744965032,LNG,natural gas
966,2025-01-27,226.99963899532503,LNG,natural gas
967,2025-01-28,225.90714637235436,LNG,natural gas
968,2025-01-29,226.50576986980718,LNG,natural gas
969,2025-01-30,229.46897471803405,LNG,natural gas
970,2025-01-31,226.97469617001883,LNG,natural gas
971,2025-02-03,225.71258732793365,LNG,natural gas
972,2025-02-04,227.7728619586741,LNG,natural gas
973,2025-02-05,229.55379395396957,LNG,natural gas
974,2025-02-06,224.29584056797154,LNG,natural gas
975,2025-02-07,218.0,LNG,natural gas
976,2025-02-10,220.07999420166016,LNG,natural gas
977,2025-02-11,221.59500122070312,LNG,natural gas
978,2025-02-12,213.8000030517578,LNG,natural gas
979,2025-02-13,209.49500274658203,LNG,natural gas
980,2025-02-14,211.93000030517578,LNG,natural gas
981,2025-02-18,214.8249969482422,LNG,natural gas
982,2025-02-19,217.23500061035156,LNG,natural gas
983,2025-02-20,222.5250015258789,LNG,natural gas
984,2025-02-21,223.4000015258789,LNG,natural gas
985,2025-02-24,220.46499633789062,LNG,natural gas
986,2025-02-25,217.5749969482422,LNG,natural gas
987,2025-02-26,217.6300048828125,LNG,natural gas
988,2025-02-27,219.64999389648438,LNG,natural gas
989,2025-02-28,223.97999572753906,LNG,natural gas
990,2025-03-03,224.86000061035156,LNG,natural gas
991,2025-03-04,218.33499908447266,LNG,natural gas
992,2025-03-05,217.6699981689453,LNG,natural gas
993,2025-03-06,215.3300018310547,LNG,natural gas
994,2025-03-07,218.3249969482422,LNG,natural gas
995,2025-03-10,217.1999969482422,LNG,natural gas
996,2025-03-11,212.90499877929688,LNG,natural gas
997,2025-03-12,214.12000274658203,LNG,natural gas
998,2025-03-13,213.4199981689453,LNG,natural gas
999,2025-03-14,216.33499908447266,LNG,natural gas
1000,2025-03-17,220.55500030517578,LNG,natural gas
1001,2025-03-18,224.3249969482422,LNG,natural gas
1002,2025-03-19,225.6500015258789,LNG,natural gas
1003,2025-03-20,228.375,LNG,natural gas
1004,2025-03-21,228.41500091552734,LNG,natural gas
1005,2025-03-24,231.68000030517578,LNG,natural gas
1006,2025-03-25,232.4250030517578,LNG,natural gas
1007,2025-03-26,233.5999984741211,LNG,natural gas
1008,2025-03-27,228.5949935913086,LNG,natural gas
1009,2025-03-28,226.12999725341797,LNG,natural gas
1010,2025-03-31,227.61499786376953,LNG,natural gas
1011,2025-04-01,230.6199951171875,LNG,natural gas
1012,2025-04-02,231.69499969482422,LNG,natural gas
1013,2025-04-03,222.53500366210938,LNG,natural gas
1014,2025-04-04,203.125,LNG,natural gas
1015,2025-04-07,196.35499572753906,LNG,natural gas
1016,2025-04-08,209.7050018310547,LNG,natural gas
1017,2025-04-09,210.31500244140625,LNG,natural gas
1018,2025-04-10,213.08499908447266,LNG,natural gas
1019,2025-04-11,216.65499877929688,LNG,natural gas
1080,2025-01-16,28.38235278142067,KHC,coffee
1081,2025-01-17,28.83893967553643,KHC,coffee
1082,2025-01-21,29.04872177135637,KHC,coffee
1083,2025-01-22,28.826598972969443,KHC,coffee
1084,2025-01-23,28.703197435464027,KHC,coffee
1085,2025-01-24,28.8660875481353,KHC,coffee
1086,2025-01-27,29.567009180506094,KHC,coffee
1087,2025-01-28,29.431267291994253,KHC,coffee
1088,2025-01-29,29.28318450029994,KHC,coffee
1089,2025-01-30,29.70028271056595,KHC,coffee
1090,2025-01-31,29.537392895940496,KHC,coffee
1091,2025-02-03,29.063530522662465,KHC,coffee
1092,2025-02-04,28.53537291222608,KHC,coffee
1093,2025-02-05,28.258952021616174,KHC,coffee
1094,2025-02-06,28.58226395591238,KHC,coffee
1095,2025-02-07,28.846342762854125,KHC,coffee
1096,2025-02-10,28.678515621299965,KHC,coffee
1097,2025-02-11,28.898172590357728,KHC,coffee
1098,2025-02-12,27.715986096988793,KHC,coffee
1099,2025-02-13,28.41443791577816,KHC,coffee
1100,2025-02-14,28.695794290373705,KHC,coffee
1101,2025-02-18,28.614348384119747,KHC,coffee
1102,2025-02-19,29.191868737351825,KHC,coffee
1103,2025-02-20,29.606496345181114,KHC,coffee
1104,2025-02-21,30.332097613634417,KHC,coffee
1105,2025-02-24,30.85532087080552,KHC,coffee
1106,2025-02-25,31.210716265692078,KHC,coffee
1107,2025-02-26,30.667750407489486,KHC,coffee
1108,2025-02-27,30.203760604290864,KHC,coffee
1109,2025-02-28,30.40120243702438,KHC,coffee
1110,2025-03-03,30.613453621364414,KHC,coffee
1111,2025-03-04,30.93429837561844,KHC,coffee
1112,2025-03-05,30.51473113200455,KHC,coffee
1113,2025-03-06,30.761535706449813,KHC,coffee
1114,2025-03-07,31.565000534057617,KHC,coffee
1115,2025-03-10,32.33500099182129,KHC,coffee
1116,2025-03-11,31.609999656677246,KHC,coffee
1117,2025-03-12,30.482500076293945,KHC,coffee
1118,2025-03-13,30.26550006866455,KHC,coffee
1119,2025-03-14,30.179999351501465,KHC,coffee
1120,2025-03-17,30.449999809265137,KHC,coffee
1121,2025-03-18,30.594999313354492,KHC,coffee
1122,2025-03-19,30.032499313354492,KHC,coffee
1123,2025-03-20,29.827499389648438,KHC,coffee
1124,2025-03-21,29.5600004196167,KHC,coffee
1125,2025-03-24,29.18000030517578,KHC,coffee
1126,2025-03-25,29.110000610351562,KHC,coffee
1127,2025-03-26,29.43000030517578,KHC,coffee
1128,2025-03-27,29.96500015258789,KHC,coffee
1129,2025-03-28,30.239999771118164,KHC,coffee
1130,2025-03-31,30.40000057220459,KHC,coffee
1131,2025-04-01,30.4350004196167,KHC,coffee
1132,2025-04-02,30.25999927520752,KHC,coffee
1133,2025-04-03,30.630000114440918,KHC,coffee
1134,2025-04-04,30.03499984741211,KHC,coffee
1135,2025-04-07,28.730000495910645,KHC,coffee
1136,2025-04-08,28.24000072479248,KHC,coffee
1137,2025-04-09,28.350000381469727,KHC,coffee
1138,2025-04-10,28.93000030517578,KHC,coffee
1139,2025-04-11,29.225000381469727,KHC,coffee
1140,2025-01-16,92.03221915722682,XLE,oil
1141,2025-01-17,92.87564213084124,XLE,oil
1142,2025-01-21,92.87563917821032,XLE,oil
1143,2025-01-22,91.76927094813126,XLE,oil
1144,2025-01-23,91.62539282113086,XLE,oil
1145,2025-01-24,91.10941834248752,XLE,oil
1146,2025-01-27,89.97823644354953,XLE,oil
1147,2025-01-28,89.36799923473106,XLE,oil
1148,2025-01-29,88.79744729707383,XLE,oil
1149,2025-01-30,89.50691494756599,XLE,oil
1150,2025-01-31,88.08797993343453,XLE,oil
1151,2025-02-03,87.22967164708493,XLE,oil
1152,2025-02-04,88.221936917443,XLE,oil
1153,2025-02-05,89.42257369505441,XLE,oil
1154,2025-02-06,88.91155737046512,XLE,oil
1155,2025-02-07,88.04332777533203,XLE,oil
1156,2025-02-10,89.23404179387302,XLE,oil
1157,2025-02-11,90.38506812819341,XLE,oil
1158,2025-02-12,89.07031704374722,XLE,oil
1159,2025-02-13,88.61388251486056,XLE,oil
1160,2025-02-14,89.36303437692631,XLE,oil
1161,2025-02-18,90.19653885540109,XLE,oil
1162,2025-02-19,91.13917876126617,XLE,oil
1163,2025-02-20,91.6303511976094,XLE,oil
1164,2025-02-21,90.90600332409242,XLE,oil
1165,2025-02-24,90.31560513236352,XLE,oil
1166,2025-02-25,89.5862979597816,XLE,oil
1167,2025-02-26,88.74783363457658,XLE,oil
1168,2025-02-27,88.98597714030959,XLE,oil
1169,2025-02-28,89.46226162368312,XLE,oil
1170,2025-03-03,88.89171354083356,XLE,oil
1171,2025-03-04,86.07865263508424,XLE,oil
1172,2025-03-05,85.04173604701549,XLE,oil
1173,2025-03-06,84.96235510385287,XLE,oil
1174,2025-03-07,86.21756555382301,XLE,oil
1175,2025-03-10,87.31401991935519,XLE,oil
1176,2025-03-11,87.22967446337532,XLE,oil
1177,2025-03-12,86.93199492139013,XLE,oil
1178,2025-03-13,86.64920363495689,XLE,oil
1179,2025-03-14,88.02348759495304,XLE,oil
1180,2025-03-17,89.74009526033588,XLE,oil
1181,2025-03-18,90.81173260611783,XLE,oil
1182,2025-03-19,91.43190254450914,XLE,oil
1183,2025-03-20,92.02725675989137,XLE,oil
1184,2025-03-21,91.97267957962474,XLE,oil
1185,2025-03-24,92.53499984741211,XLE,oil
1186,2025-03-25,93.24500274658203,XLE,oil
1187,2025-03-26,93.93999862670898,XLE,oil
1188,2025-03-27,93.18500137329102,XLE,oil
1189,2025-03-28,92.625,XLE,oil
1190,2025-03-31,92.84000015258789,XLE,oil
1191,2025-04-01,93.75,XLE,oil
1192,2025-04-02,93.66499710083008,XLE,oil
1193,2025-04-03,88.19499969482422,XLE,oil
1194,2025-04-04,81.20500183105469,XLE,oil
1195,2025-04-07,77.22999954223633,XLE,oil
1196,2025-04-08,78.55000305175781,XLE,oil
1197,2025-04-09,78.65499877929688,XLE,oil
1198,2025-04-10,78.60000228881836,XLE,oil
1199,2025-04-11,78.11499786376953,XLE,oil
1200,2025-01-16,8.755000114440918,VALE,nickel
1201,2025-01-17,8.899999618530273,VALE,nickel
1202,2025-01-21,8.979999542236328,VALE,nickel
1203,2025-01-22,8.949999809265137,VALE,nickel
1204,2025-01-23,8.880000114440918,VALE,nickel
1205,2025-01-24,9.0,VALE,nickel
1206,2025-01-27,9.059999942779541,VALE,nickel
1207,2025-01-28,9.065000057220459,VALE,nickel
1208,2025-01-29,9.045000076293945,VALE,nickel
1209,2025-01-30,9.275000095367432,VALE,nickel
1210,2025-01-31,9.360000133514404,VALE,nickel
1211,2025-02-03,9.259999752044678,VALE,nickel
1212,2025-02-04,9.425000190734863,VALE,nickel
1213,2025-02-05,9.369999885559082,VALE,nickel
1214,2025-02-06,9.609999656677246,VALE,nickel
1215,2025-02-07,9.575000286102295,VALE,nickel
1216,2025-02-10,9.53000020980835,VALE,nickel
1217,2025-02-11,9.545000076293945,VALE,nickel
1218,2025-02-12,9.570000171661377,VALE,nickel
1219,2025-02-13,9.489999771118164,VALE,nickel
1220,2025-02-14,9.730000019073486,VALE,nickel
1221,2025-02-18,9.805000305175781,VALE,nickel
1222,2025-02-19,9.739999771118164,VALE,nickel
1223,2025-02-20,10.069999694824219,VALE,nickel
1224,2025-02-21,10.144999980926514,VALE,nickel
1225,2025-02-24,10.075000286102295,VALE,nickel
1226,2025-02-25,9.90500020980835,VALE,nickel
1227,2025-02-26,9.860000133514404,VALE,nickel
1228,2025-02-27,9.704999923706055,VALE,nickel
1229,2025-02-28,9.49500036239624,VALE,nickel
1230,2025-03-03,9.49500036239624,VALE,nickel
1231,2025-03-04,9.349999904632568,VALE,nickel
1232,2025-03-05,9.585000038146973,VALE,nickel
1233,2025-03-06,9.769999980926514,VALE,nickel
1234,2025-03-07,9.794999599456787,VALE,nickel
1235,2025-03-10,9.319999694824219,VALE,nickel
1236,2025-03-11,9.34499979019165,VALE,nickel
1237,2025-03-12,9.255000114440918,VALE,nickel
1238,2025-03-13,9.349999904632568,VALE,nickel
1239,2025-03-14,9.730000019073486,VALE,nickel
1240,2025-03-17,9.980000019073486,VALE,nickel
1241,2025-03-18,10.135000228881836,VALE,nickel
1242,2025-03-19,10.15999984741211,VALE,nickel
1243,2025-03-20,10.125,VALE,nickel
1244,2025-03-21,10.03499984741211,VALE,nickel
1245,2025-03-24,10.039999961853027,VALE,nickel
1246,2025-03-25,10.085000038146973,VALE,nickel
1247,2025-03-26,10.110000133514404,VALE,nickel
1248,2025-03-27,10.119999885559082,VALE,nickel
1249,2025-03-28,10.079999923706055,VALE,nickel
1250,2025-03-31,9.914999961853027,VALE,nickel
1251,2025-04-01,10.080000400543213,VALE,nickel
1252,2025-04-02,10.099999904632568,VALE,nickel
1253,2025-04-03,9.854999542236328,VALE,nickel
1254,2025-04-04,9.184999942779541,VALE,nickel
1255,2025-04-07,8.809999942779541,VALE,nickel
1256,2025-04-08,8.630000114440918,VALE,nickel
1257,2025-04-09,8.50499963760376,VALE,nickel
1258,2025-04-10,8.894999980926514,VALE,nickel
1259,2025-04-11,9.115000247955322,VALE,nickel
1320,2025-01-16,78.87183825734519,BG,wheat
1321,2025-01-17,78.79261180521743,BG,wheat
1322,2025-01-21,78.01518390630693,BG,wheat
1323,2025-01-22,77.36155191923446,BG,wheat
1324,2025-01-23,77.65865614708325,BG,wheat
1325,2025-01-24,77.2625122263403,BG,wheat
1326,2025-01-27,77.77254210713292,BG,wheat
1327,2025-01-28,77.35660095188535,BG,wheat
1328,2025-01-29,76.88618149056934,BG,wheat
1329,2025-01-30,77.33184097304847,BG,wheat
1330,2025-01-31,75.92058141060187,BG,wheat
1331,2025-02-03,74.5043831165269,BG,wheat
1332,2025-02-04,74.36573027820525,BG,wheat
1333,2025-02-05,69.88437155256307,BG,wheat
1334,2025-02-06,69.35453389845233,BG,wheat
1335,2025-02-07,68.93363325086197,BG,wheat
1336,2025-02-10,68.63652564327145,BG,wheat
1337,2025-02-11,68.91382233336495,BG,wheat
1338,2025-02-12,68.61671972948224,BG,wheat
1339,2025-02-13,68.66623862830264,BG,wheat
1340,2025-02-14,69.60707330350402,BG,wheat
1341,2025-02-18,69.79499816894531,BG,wheat
1342,2025-02-19,69.93000030517578,BG,wheat
1343,2025-02-20,70.73500061035156,BG,wheat
1344,2025-02-21,72.27000045776367,BG,wheat
1345,2025-02-24,73.31999969482422,BG,wheat
1346,2025-02-25,73.94499969482422,BG,wheat
1347,2025-02-26,73.56500244140625,BG,wheat
1348,2025-02-27,73.13000106811523,BG,wheat
1349,2025-02-28,73.76499938964844,BG,wheat
1350,2025-03-03,73.1150016784668,BG,wheat
1351,2025-03-04,71.55500030517578,BG,wheat
1352,2025-03-05,71.79000091552734,BG,wheat
1353,2025-03-06,73.29999923706055,BG,wheat
1354,2025-03-07,74.9749984741211,BG,wheat
1355,2025-03-10,76.33499908447266,BG,wheat
1356,2025-03-11,75.33000183105469,BG,wheat
1357,2025-03-12,73.39999771118164,BG,wheat
1358,2025-03-13,73.3849983215332,BG,wheat
1359,2025-03-14,73.78499984741211,BG,wheat
1360,2025-03-17,74.38500213623047,BG,wheat
1361,2025-03-18,75.00500106811523,BG,wheat
1362,2025-03-19,74.77499771118164,BG,wheat
1363,2025-03-20,74.44999694824219,BG,wheat
1364,2025-03-21,73.45000076293945,BG,wheat
1365,2025-03-24,72.73500061035156,BG,wheat
1366,2025-03-25,73.31999969482422,BG,wheat
1367,2025-03-26,73.81500244140625,BG,wheat
1368,2025-03-27,75.42499923706055,BG,wheat
1369,2025-03-28,76.56000137329102,BG,wheat
1370,2025-03-31,75.8499984741211,BG,wheat
1371,2025-04-01,77.36000061035156,BG,wheat
1372,2025-04-02,77.75500106811523,BG,wheat
1373,2025-04-03,77.94499969482422,BG,wheat
1374,2025-04-04,74.66499710083008,BG,wheat
1375,2025-04-07,72.0199966430664,BG,wheat
1376,2025-04-08,71.06000137329102,BG,wheat
1377,2025-04-09,71.56499862670898,BG,wheat
1378,2025-04-10,73.71000289916992,BG,wheat
1379,2025-04-11,74.9900016784668,BG,wheat
1380,2025-01-16,40.045000076293945,SQM,lithium
1381,2025-01-17,40.329999923706055,SQM,lithium
1382,2025-01-21,40.209999084472656,SQM,lithium
1383,2025-01-22,39.34000015258789,SQM,lithium
1384,2025-01-23,39.14000129699707,SQM,lithium
1385,2025-01-24,39.47999954223633,SQM,lithium
1386,2025-01-27,38.755001068115234,SQM,lithium
1387,2025-01-28,38.80999946594238,SQM,lithium
1388,2025-01-29,39.69999885559082,SQM,lithium
1389,2025-01-30,40.85000038146973,SQM,lithium
1390,2025-01-31,40.25,SQM,lithium
1391,2025-02-03,38.78499984741211,SQM,lithium
1392,2025-02-04,39.78499984741211,SQM,lithium
1393,2025-02-05,38.67500114440918,SQM,lithium
1394,2025-02-06,38.40999984741211,SQM,lithium
1395,2025-02-07,38.57500076293945,SQM,lithium
1396,2025-02-10,38.59499931335449,SQM,lithium
1397,2025-02-11,37.724998474121094,SQM,lithium
1398,2025-02-12,37.69000053405762,SQM,lithium
1399,2025-02-13,39.10499954223633,SQM,lithium
1400,2025-02-14,39.39999961853027,SQM,lithium
1401,2025-02-18,38.364999771118164,SQM,lithium
1402,2025-02-19,38.53999900817871,SQM,lithium
1403,2025-02-20,39.470001220703125,SQM,lithium
1404,2025-02-21,39.83999824523926,SQM,lithium
1405,2025-02-24,39.75,SQM,lithium
1406,2025-02-25,39.834999084472656,SQM,lithium
1407,2025-02-26,39.875,SQM,lithium
1408,2025-02-27,39.885000228881836,SQM,lithium
1409,2025-02-28,38.90999984741211,SQM,lithium
1410,2025-03-03,38.135000228881836,SQM,lithium
1411,2025-03-04,38.01999855041504,SQM,lithium
1412,2025-03-05,39.35000038146973,SQM,lithium
1413,2025-03-06,40.829999923706055,SQM,lithium
1414,2025-03-07,41.7549991607666,SQM,lithium
1415,2025-03-10,41.84000015258789,SQM,lithium
1416,2025-03-11,42.35499954223633,SQM,lithium
1417,2025-03-12,42.01500129699707,SQM,lithium
1418,2025-03-13,41.69499969482422,SQM,lithium
1419,2025-03-14,42.79999923706055,SQM,lithium
1420,2025-03-17,44.46500015258789,SQM,lithium
1421,2025-03-18,45.4950008392334,SQM,lithium
1422,2025-03-19,45.52000045776367,SQM,lithium
1423,2025-03-20,44.44500160217285,SQM,lithium
1424,2025-03-21,43.80999946594238,SQM,lithium
1425,2025-03-24,43.665000915527344,SQM,lithium
1426,2025-03-25,42.90999984741211,SQM,lithium
1427,2025-03-26,42.125,SQM,lithium
1428,2025-03-27,40.89500045776367,SQM,lithium
1429,2025-03-28,40.41499900817871,SQM,lithium
1430,2025-03-31,39.59499931335449,SQM,lithium
1431,2025-04-01,39.97500038146973,SQM,lithium
1432,2025-04-02,39.69000053405762,SQM,lithium
1433,2025-04-03,39.59499931335449,SQM,lithium
1434,2025-04-04,37.42499923706055,SQM,lithium
1435,2025-04-07,35.02000045776367,SQM,lithium
1436,2025-04-08,33.63999938964844,SQM,lithium
1437,2025-04-09,33.47000026702881,SQM,lithium
1438,2025-04-10,33.94000053405762,SQM,lithium
1439,2025-04-11,34.20000076293945,SQM,lithium
1440,2025-01-16,28.780965483667437,HAL,oil
1441,2025-01-17,29.43631861205006,HAL,oil
1442,2025-01-21,29.654772076197673,HAL,oil
1443,2025-01-22,28.537690041808816,HAL,oil
1444,2025-01-23,28.234836302057296,HAL,oil
1445,2025-01-24,27.802900075649017,HAL,oil
1446,2025-01-27,27.370960138807444,HAL,oil
1447,2025-01-28,26.804974051273387,HAL,oil
1448,2025-01-29,26.313457910126054,HAL,oil
1449,2025-01-30,26.358141994492055,HAL,oil
1450,2025-01-31,26.114866498329626,HAL,oil
1451,2025-02-03,25.419793782498513,HAL,oil
1452,2025-02-04,25.623351063787382,HAL,oil
1453,2025-02-05,26.189337346552392,HAL,oil
1454,2025-02-06,25.78718871491637,HAL,oil
1455,2025-02-07,25.211272000272768,HAL,oil
1456,2025-02-10,25.583632433570003,HAL,oil
1457,2025-02-11,26.124794609008447,HAL,oil
1458,2025-02-12,25.891448937681787,HAL,oil
1459,2025-02-13,25.91130880316859,HAL,oil
1460,2025-02-14,26.13968953215675,HAL,oil
1461,2025-02-18,26.288634502292467,HAL,oil
1462,2025-02-19,26.517015783126702,HAL,oil
1463,2025-02-20,26.70071327306198,HAL,oil
1464,2025-02-21,26.40778949375733,HAL,oil
1465,2025-02-24,26.333317634432593,HAL,oil
1466,2025-02-25,26.303528666625628,HAL,oil
1467,2025-02-26,25.941098064725495,HAL,oil
1468,2025-02-27,25.916275024414062,HAL,oil
1469,2025-02-28,26.000675713894985,HAL,oil
1470,2025-03-03,25.583631636767482,HAL,oil
1471,2025-03-04,24.15873276392987,HAL,oil
1472,2025-03-05,23.949999809265137,HAL,oil
1473,2025-03-06,24.260000228881836,HAL,oil
1474,2025-03-07,24.800000190734863,HAL,oil
1475,2025-03-10,24.954999923706055,HAL,oil
1476,2025-03-11,24.795000076293945,HAL,oil
1477,2025-03-12,24.699999809265137,HAL,oil
1478,2025-03-13,24.515000343322754,HAL,oil
1479,2025-03-14,24.835000038146973,HAL,oil
1480,2025-03-17,25.1899995803833,HAL,oil
1481,2025-03-18,25.1899995803833,HAL,oil
1482,2025-03-19,25.085000038146973,HAL,oil
1483,2025-03-20,24.9399995803833,HAL,oil
1484,2025-03-21,24.77999973297119,HAL,oil
1485,2025-03-24,25.355000495910645,HAL,oil
1486,2025-03-25,25.725000381469727,HAL,oil
1487,2025-03-26,25.829999923706055,HAL,oil
1488,2025-03-27,25.484999656677246,HAL,oil
1489,2025-03-28,25.210000038146973,HAL,oil
1490,2025-03-31,25.130000114440918,HAL,oil
1491,2025-04-01,25.399999618530273,HAL,oil
1492,2025-04-02,25.440000534057617,HAL,oil
1493,2025-04-03,23.25,HAL,oil
1494,2025-04-04,20.664999961853027,HAL,oil
1495,2025-04-07,19.635000228881836,HAL,oil
1496,2025-04-08,19.96500015258789,HAL,oil
1497,2025-04-09,20.46500015258789,HAL,oil
1498,2025-04-10,20.725000381469727,HAL,oil
1499,2025-04-11,20.729999542236328,HAL,oil
1560,2025-01-16,29.34000015258789,SIVR,silver
1561,2025-01-17,28.885000228881836,SIVR,silver
1562,2025-01-21,29.315000534057617,SIVR,silver
1563,2025-01-22,29.34999942779541,SIVR,silver
1564,2025-01-23,28.90499973297119,SIVR,silver
1565,2025-01-24,29.255000114440918,SIVR,silver
1566,2025-01-27,28.824999809265137,SIVR,silver
1567,2025-01-28,28.880000114440918,SIVR,silver
1568,2025-01-29,29.375,SIVR,silver
1569,2025-01-30,30.070000648498535,SIVR,silver
1570,2025-01-31,30.010000228881836,SIVR,silver
1571,2025-02-03,30.015000343322754,SIVR,silver
1572,2025-02-04,30.579999923706055,SIVR,silver
1573,2025-02-05,30.780000686645508,SIVR,silver
1574,2025-02-06,30.70500087738037,SIVR,silver
1575,2025-02-07,30.734999656677246,SIVR,silver
1576,2025-02-10,30.579999923706055,SIVR,silver
1577,2025-02-11,30.31999969482422,SIVR,silver
1578,2025-02-12,30.69499969482422,SIVR,silver
1579,2025-02-13,30.744999885559082,SIVR,silver
1580,2025-02-14,31.209999084472656,SIVR,silver
1581,2025-02-18,31.184999465942383,SIVR,silver
1582,2025-02-19,31.230000495910645,SIVR,silver
1583,2025-02-20,31.44499969482422,SIVR,silver
1584,2025-02-21,31.27500057220459,SIVR,silver
1585,2025-02-24,30.925000190734863,SIVR,silver
1586,2025-02-25,30.399999618530273,SIVR,silver
1587,2025-02-26,30.260000228881836,SIVR,silver
1588,2025-02-27,30.045000076293945,SIVR,silver
1589,2025-02-28,29.614999771118164,SIVR,silver
1590,2025-03-03,30.155000686645508,SIVR,silver
1591,2025-03-04,30.420000076293945,SIVR,silver
1592,2025-03-05,30.929999351501465,SIVR,silver
1593,2025-03-06,31.015000343322754,SIVR,silver
1594,2025-03-07,30.890000343322754,SIVR,silver
1595,2025-03-10,30.709999084472656,SIVR,silver
1596,2025-03-11,31.210000038146973,SIVR,silver
1597,2025-03-12,31.574999809265137,SIVR,silver
1598,2025-03-13,31.8799991607666,SIVR,silver
1599,2025-03-14,32.290000915527344,SIVR,silver
1600,2025-03-17,32.089999198913574,SIVR,silver
1601,2025-03-18,32.474998474121094,SIVR,silver
1602,2025-03-19,32.21000099182129,SIVR,silver
1603,2025-03-20,31.869999885559082,SIVR,silver
1604,2025-03-21,31.56999969482422,SIVR,silver
1605,2025-03-24,31.550000190734863,SIVR,silver
1606,2025-03-25,32.035000801086426,SIVR,silver
1607,2025-03-26,32.135000228881836,SIVR,silver
1608,2025-03-27,32.53499984741211,SIVR,silver
1609,2025-03-28,32.71500015258789,SIVR,silver
1610,2025-03-31,32.42999839782715,SIVR,silver
1611,2025-04-01,32.260000228881836,SIVR,silver
1612,2025-04-02,32.25,SIVR,silver
1613,2025-04-03,30.3100004196167,SIVR,silver
1614,2025-04-04,28.869999885559082,SIVR,silver
1615,2025-04-07,28.61500072479248,SIVR,silver
1616,2025-04-08,28.734999656677246,SIVR,silver
1617,2025-04-09,29.18000030517578,SIVR,silver
1618,2025-04-10,29.625,SIVR,silver
1619,2025-04-11,30.40000057220459,SIVR,silver
1620,2025-01-16,57.951564733856905,WPM,silver
1621,2025-01-17,57.302946948976086,WPM,silver
1622,2025-01-21,58.71494080119325,WPM,silver
1623,2025-01-22,59.26876146487994,WPM,silver
1624,2025-01-23,58.62014281925056,WPM,silver
1625,2025-01-24,59.90740012837099,WPM,silver
1626,2025-01-27,59.09912163443095,WPM,silver
1627,2025-01-28,60.00718854086287,WPM,silver
1628,2025-01-29,60.29158265104367,WPM,silver
1629,2025-01-30,62.33223323873143,WPM,silver
1630,2025-01-31,62.68647761553899,WPM,silver
1631,2025-02-03,62.746352686698195,WPM,silver
1632,2025-02-04,63.814077379774886,WPM,silver
1633,2025-02-05,65.29093231012527,WPM,silver
1634,2025-02-06,66.31375589871172,WPM,silver
1635,2025-02-07,66.57818867966765,WPM,silver
1636,2025-02-10,67.52118219124743,WPM,silver
1637,2025-02-11,66.80769891141816,WPM,silver
1638,2025-02-12,67.26173490311643,WPM,silver
1639,2025-02-13,68.6587582245952,WPM,silver
1640,2025-02-14,68.35440374303747,WPM,silver
1641,2025-02-18,68.38933591945096,WPM,silver
1642,2025-02-19,68.92319547667273,WPM,silver
1643,2025-02-20,69.63168608773448,WPM,silver
1644,2025-02-21,68.62882250375,WPM,silver
1645,2025-02-24,68.64378902274038,WPM,silver
1646,2025-02-25,68.41926934261835,WPM,silver
1647,2025-02-26,69.24251834851371,WPM,silver
1648,2025-02-27,68.46417393490177,WPM,silver
1649,2025-02-28,67.81056467803737,WPM,silver
1650,2025-03-03,69.14771564249739,WPM,silver
1651,2025-03-04,68.97808210400567,WPM,silver
1652,2025-03-05,70.0009036068784,WPM,silver
1653,2025-03-06,70.02584430012703,WPM,silver
1654,2025-03-07,70.23539544759916,WPM,silver
1655,2025-03-10,69.69654926929319,WPM,silver
1656,2025-03-11,70.50981689148398,WPM,silver
1657,2025-03-12,70.80917742086713,WPM,silver
1658,2025-03-13,71.98168162819611,WPM,silver
1659,2025-03-14,73.96745324773778,WPM,silver
1660,2025-03-17,75.20481470161329,WPM,silver
1661,2025-03-18,76.32243305057773,WPM,silver
1662,2025-03-19,75.69377330506279,WPM,silver
1663,2025-03-20,75.15990941884698,WPM,silver
1664,2025-03-21,74.82063348282517,WPM,silver
1665,2025-03-24,74.64101901862162,WPM,silver
1666,2025-03-25,75.7736045321603,WPM,silver
1667,2025-03-26,75.67382290468831,WPM,silver
1668,2025-03-27,76.16277833878507,WPM,silver
1669,2025-03-28,76.9361233941102,WPM,silver
1670,2025-03-31,77.46499633789062,WPM,silver
1671,2025-04-01,77.22999954223633,WPM,silver
1672,2025-04-02,77.4000015258789,WPM,silver
1673,2025-04-03,76.3499984741211,WPM,silver
1674,2025-04-04,73.54500198364258,WPM,silver
1675,2025-04-07,69.59000015258789,WPM,silver
1676,2025-04-08,72.14500045776367,WPM,silver
1677,2025-04-09,73.75500106811523,WPM,silver
1678,2025-04-10,76.60499954223633,WPM,silver
1679,2025-04-11,80.99499893188477,WPM,silver
1680,2025-01-16,21.480000495910645,PAAS,silver
1681,2025-01-17,21.22000026702881,PAAS,silver
1682,2025-01-21,21.789999961853027,PAAS,silver
1683,2025-01-22,21.949999809265137,PAAS,silver
1684,2025-01-23,21.649999618530273,PAAS,silver
1685,2025-01-24,22.399999618530273,PAAS,silver
1686,2025-01-27,21.864999771118164,PAAS,silver
1687,2025-01-28,21.93000030517578,PAAS,silver
1688,2025-01-29,22.269999504089355,PAAS,silver
1689,2025-01-30,23.755000114440918,PAAS,silver
1690,2025-01-31,23.674999237060547,PAAS,silver
1691,2025-02-03,23.530000686645508,PAAS,silver
1692,2025-02-04,24.21500015258789,PAAS,silver
1693,2025-02-05,24.809999465942383,PAAS,silver
1694,2025-02-06,24.835000038146973,PAAS,silver
1695,2025-02-07,24.799999237060547,PAAS,silver
1696,2025-02-10,25.175000190734863,PAAS,silver
1697,2025-02-11,24.589999198913574,PAAS,silver
1698,2025-02-12,24.885000228881836,PAAS,silver
1699,2025-02-13,25.119999885559082,PAAS,silver
1700,2025-02-14,25.04499912261963,PAAS,silver
1701,2025-02-18,24.730000495910645,PAAS,silver
1702,2025-02-19,24.434999465942383,PAAS,silver
1703,2025-02-20,24.954999923706055,PAAS,silver
1704,2025-02-21,24.84000015258789,PAAS,silver
1705,2025-02-24,24.644999504089355,PAAS,silver
1706,2025-02-25,24.29499912261963,PAAS,silver
1707,2025-02-26,24.59000015258789,PAAS,silver
1708,2025-02-27,24.329999923706055,PAAS,silver
1709,2025-02-28,23.625,PAAS,silver
1710,2025-03-03,23.945000648498535,PAAS,silver
1711,2025-03-04,23.770000457763672,PAAS,silver
1712,2025-03-05,24.324999809265137,PAAS,silver
1713,2025-03-06,24.539999961853027,PAAS,silver
1714,2025-03-07,24.479999542236328,PAAS,silver
1715,2025-03-10,23.774999618530273,PAAS,silver
1716,2025-03-11,24.03499984741211,PAAS,silver
1717,2025-03-12,24.800000190734863,PAAS,silver
1718,2025-03-13,25.43000030517578,PAAS,silver
1719,2025-03-14,25.869999885559082,PAAS,silver
1720,2025-03-17,26.320000648498535,PAAS,silver
1721,2025-03-18,26.985000610351562,PAAS,silver
1722,2025-03-19,26.460000038146973,PAAS,silver
1723,2025-03-20,26.149999618530273,PAAS,silver
1724,2025-03-21,25.84500026702881,PAAS,silver
1725,2025-03-24,25.875,PAAS,silver
1726,2025-03-25,26.164999961853027,PAAS,silver
1727,2025-03-26,25.954999923706055,PAAS,silver
1728,2025-03-27,26.24000072479248,PAAS,silver
1729,2025-03-28,26.375,PAAS,silver
1730,2025-03-31,25.914999961853027,PAAS,silver
1731,2025-04-01,25.670000076293945,PAAS,silver
1732,2025-04-02,25.864999771118164,PAAS,silver
1733,2025-04-03,24.005000114440918,PAAS,silver
1734,2025-04-04,22.369999885559082,PAAS,silver
1735,2025-04-07,21.4350004196167,PAAS,silver
1736,2025-04-08,22.299999237060547,PAAS,silver
1737,2025-04-09,23.56999969482422,PAAS,silver
1738,2025-04-10,24.645000457763672,PAAS,silver
1739,2025-04-11,25.960000038146973,PAAS,silver
1800,2025-01-16,40.488109597645305,SLB,oil
1801,2025-01-17,42.568626181883886,SLB,oil
1802,2025-01-21,43.541849852511845,SLB,oil
1803,2025-01-22,42.21111705941249,SLB,oil
1804,2025-01-23,41.78905438754748,SLB,oil
1805,2025-01-24,41.93305134481287,SLB,oil
1806,2025-01-27,42.07208133924814,SLB,oil
1807,2025-01-28,41.64505699290668,SLB,oil
1808,2025-01-29,40.84561967033474,SLB,oil
1809,2025-01-30,40.73638153076172,SLB,oil
1810,2025-01-31,40.44838859244676,SLB,oil
1811,2025-02-03,39.86743235166108,SLB,oil
1812,2025-02-04,40.200118046025544,SLB,oil
1813,2025-02-05,40.83500099182129,SLB,oil
1814,2025-02-06,40.56999969482422,SLB,oil
1815,2025-02-07,40.17499923706055,SLB,oil
1816,2025-02-10,40.904998779296875,SLB,oil
1817,2025-02-11,41.529998779296875,SLB,oil
1818,2025-02-12,41.489999771118164,SLB,oil
1819,2025-02-13,41.790000915527344,SLB,oil
1820,2025-02-14,42.0049991607666,SLB,oil
1821,2025-02-18,42.34000015258789,SLB,oil
1822,2025-02-19,42.31500053405762,SLB,oil
1823,2025-02-20,42.35499954223633,SLB,oil
1824,2025-02-21,42.02000045776367,SLB,oil
1825,2025-02-24,41.73499870300293,SLB,oil
1826,2025-02-25,41.224998474121094,SLB,oil
1827,2025-02-26,40.8849983215332,SLB,oil
1828,2025-02-27,40.885000228881836,SLB,oil
1829,2025-02-28,41.239999771118164,SLB,oil
1830,2025-03-03,40.89999961853027,SLB,oil
1831,2025-03-04,39.14000129699707,SLB,oil
1832,2025-03-05,39.06500053405762,SLB,oil
1833,2025-03-06,39.38999938964844,SLB,oil
1834,2025-03-07,40.654998779296875,SLB,oil
1835,2025-03-10,41.18000030517578,SLB,oil
1836,2025-03-11,40.73500061035156,SLB,oil
1837,2025-03-12,40.1299991607666,SLB,oil
1838,2025-03-13,40.005001068115234,SLB,oil
1839,2025-03-14,40.75,SLB,oil
1840,2025-03-17,41.26499938964844,SLB,oil
1841,2025-03-18,41.364999771118164,SLB,oil
1842,2025-03-19,41.22500038146973,SLB,oil
1843,2025-03-20,41.01999855041504,SLB,oil
1844,2025-03-21,40.98500061035156,SLB,oil
1845,2025-03-24,41.510000228881836,SLB,oil
1846,2025-03-25,42.13999938964844,SLB,oil
1847,2025-03-26,42.579999923706055,SLB,oil
1848,2025-03-27,42.239999771118164,SLB,oil
1849,2025-03-28,42.01500129699707,SLB,oil
1850,2025-03-31,41.579999923706055,SLB,oil
1851,2025-04-01,41.989999771118164,SLB,oil
1852,2025-04-02,41.904998779296875,SLB,oil
1853,2025-04-03,39.55999946594238,SLB,oil
1854,2025-04-04,36.09499931335449,SLB,oil
1855,2025-04-07,33.09000015258789,SLB,oil
1856,2025-04-08,33.19000053405762,SLB,oil
1857,2025-04-09,33.635000228881836,SLB,oil
1858,2025-04-10,33.65999984741211,SLB,oil
1859,2025-04-11,33.244998931884766,SLB,oil
1860,2025-01-16,84.69499969482422,AEM,gold
1861,2025-01-17,84.31499862670898,AEM,gold
1862,2025-01-21,87.43499755859375,AEM,gold
1863,2025-01-22,89.29500198364258,AEM,gold
1864,2025-01-23,88.79999923706055,AEM,gold
1865,2025-01-24,89.97000122070312,AEM,gold
1866,2025-01-27,88.7750015258789,AEM,gold
1867,2025-01-28,89.83000183105469,AEM,gold
1868,2025-01-29,90.04500198364258,AEM,gold
1869,2025-01-30,93.20499801635742,AEM,gold
1870,2025-01-31,93.97000122070312,AEM,gold
1871,2025-02-03,93.8650016784668,AEM,gold
1872,2025-02-04,95.56999969482422,AEM,gold
1873,2025-02-05,97.875,AEM,gold
1874,2025-02-06,98.68000030517578,AEM,gold
1875,2025-02-07,98.71999740600586,AEM,gold
1876,2025-02-10,100.31500244140625,AEM,gold
1877,2025-02-11,98.78499984741211,AEM,gold
1878,2025-02-12,98.31500244140625,AEM,gold
1879,2025-02-13,100.2599983215332,AEM,gold
1880,2025-02-14,97.43499755859375,AEM,gold
1881,2025-02-18,96.89500045776367,AEM,gold
1882,2025-02-19,97.44000244140625,AEM,gold
1883,2025-02-20,98.20999908447266,AEM,gold
1884,2025-02-21,96.65499877929688,AEM,gold
1885,2025-02-24,97.24499893188477,AEM,gold
1886,2025-02-25,96.86999893188477,AEM,gold
1887,2025-02-26,97.32500076293945,AEM,gold
1888,2025-02-27,96.12999725341797,AEM,gold
1889,2025-02-28,94.71500015258789,AEM,gold
1890,2025-03-03,96.90499877929688,AEM,gold
1891,2025-03-04,96.56999969482422,AEM,gold
1892,2025-03-05,97.7650032043457,AEM,gold
1893,2025-03-06,98.19999694824219,AEM,gold
1894,2025-03-07,98.40999984741211,AEM,gold
1895,2025-03-10,97.375,AEM,gold
1896,2025-03-11,99.7249984741211,AEM,gold
1897,2025-03-12,100.81000137329102,AEM,gold
1898,2025-03-13,102.21500015258789,AEM,gold
1899,2025-03-14,103.68499755859375,AEM,gold
1900,2025-03-17,104.63999938964844,AEM,gold
1901,2025-03-18,106.65999984741211,AEM,gold
1902,2025-03-19,105.68500137329102,AEM,gold
1903,2025-03-20,105.09000015258789,AEM,gold
1904,2025-03-21,104.32999801635742,AEM,gold
1905,2025-03-24,104.10499954223633,AEM,gold
1906,2025-03-25,105.38999938964844,AEM,gold
1907,2025-03-26,105.27999877929688,AEM,gold
1908,2025-03-27,106.86000061035156,AEM,gold
1909,2025-03-28,107.88500213623047,AEM,gold
1910,2025-03-31,107.7750015258789,AEM,gold
1911,2025-04-01,108.82500076293945,AEM,gold
1912,2025-04-02,107.95999908447266,AEM,gold
1913,2025-04-03,105.68000030517578,AEM,gold
1914,2025-04-04,102.39500045776367,AEM,gold
1915,2025-04-07,97.93999862670898,AEM,gold
1916,2025-04-08,102.10499954223633,AEM,gold
1917,2025-04-09,105.21000289916992,AEM,gold
1918,2025-04-10,109.47000122070312,AEM,gold
1919,2025-04-11,116.92499923706055,AEM,gold
1920,2025-01-16,28.010000228881836,SLV,silver
1921,2025-01-17,27.55500030517578,SLV,silver
1922,2025-01-21,27.99000072479248,SLV,silver
1923,2025-01-22,28.0049991607666,SLV,silver
1924,2025-01-23,27.645000457763672,SLV,silver
1925,2025-01-24,27.925000190734863,SLV,silver
1926,2025-01-27,27.479999542236328,SLV,silver
1927,2025-01-28,27.579999923706055,SLV,silver
1928,2025-01-29,28.02999973297119,SLV,silver
1929,2025-01-30,28.684999465942383,SLV,silver
1930,2025-01-31,28.640000343322754,SLV,silver
1931,2025-02-03,28.609999656677246,SLV,silver
1932,2025-02-04,29.164999961853027,SLV,silver
1933,2025-02-05,29.355000495910645,SLV,silver
1934,2025-02-06,29.309999465942383,SLV,silver
1935,2025-02-07,29.300000190734863,SLV,silver
1936,2025-02-10,29.175000190734863,SLV,silver
1937,2025-02-11,28.93000030517578,SLV,silver
1938,2025-02-12,29.270000457763672,SLV,silver
1939,2025-02-13,29.324999809265137,SLV,silver
1940,2025-02-14,29.774999618530273,SLV,silver
1941,2025-02-18,29.765000343322754,SLV,silver
1942,2025-02-19,29.77999973297119,SLV,silver
1943,2025-02-20,29.96500015258789,SLV,silver
1944,2025-02-21,29.80500030517578,SLV,silver
1945,2025-02-24,29.505000114440918,SLV,silver
1946,2025-02-25,29.0,SLV,silver
1947,2025-02-26,28.860000610351562,SLV,silver
1948,2025-02-27,28.670000076293945,SLV,silver
1949,2025-02-28,28.244999885559082,SLV,silver
1950,2025-03-03,28.80500030517578,SLV,silver
1951,2025-03-04,29.020000457763672,SLV,silver
1952,2025-03-05,29.5,SLV,silver
1953,2025-03-06,29.59500026702881,SLV,silver
1954,2025-03-07,29.489999771118164,SLV,silver
1955,2025-03-10,29.335000038146973,SLV,silver
1956,2025-03-11,29.774999618530273,SLV,silver
1957,2025-03-12,30.119999885559082,SLV,silver
1958,2025-03-13,30.47000026702881,SLV,silver
1959,2025-03-14,30.809999465942383,SLV,silver
1960,2025-03-17,30.614999771118164,SLV,silver
1961,2025-03-18,30.975000381469727,SLV,silver
1962,2025-03-19,30.71500015258789,SLV,silver
1963,2025-03-20,30.385000228881836,SLV,silver
1964,2025-03-21,30.114999771118164,SLV,silver
1965,2025-03-24,30.04499912261963,SLV,silver
1966,2025-03-25,30.5649995803833,SLV,silver
1967,2025-03-26,30.619999885559082,SLV,silver
1968,2025-03-27,31.045000076293945,SLV,silver
1969,2025-03-28,31.19499969482422,SLV,silver
1970,2025-03-31,30.880000114440918,SLV,silver
1971,2025-04-01,30.75,SLV,silver
1972,2025-04-02,30.75,SLV,silver
1973,2025-04-03,28.920000076293945,SLV,silver
1974,2025-04-04,27.519999504089355,SLV,silver
1975,2025-04-07,27.219999313354492,SLV,silver
1976,2025-04-08,27.38499927520752,SLV,silver
1977,2025-04-09,27.835000038146973,SLV,silver
1978,2025-04-10,28.195000648498535,SLV,silver
1979,2025-04-11,28.99000072479248,SLV,silver
2040,2025-01-16,7.909999847412109,TATYF,coffee
2041,2025-01-17,7.909999847412109,TATYF,coffee
2042,2025-01-21,7.909999847412109,TATYF,coffee
2043,2025-01-22,7.909999847412109,TATYF,coffee
2044,2025-01-23,7.909999847412109,TATYF,coffee
2045,2025-01-24,7.909999847412109,TATYF,coffee
2046,2025-01-27,7.909999847412109,TATYF,coffee
2047,2025-01-28,7.909999847412109,TATYF,coffee
2048,2025-01-29,7.909999847412109,TATYF,coffee
2049,2025-01-30,7.909999847412109,TATYF,coffee
2050,2025-01-31,7.909999847412109,TATYF,coffee
2051,2025-02-03,7.909999847412109,TATYF,coffee
2052,2025-02-04,7.909999847412109,TATYF,coffee
2053,2025-02-05,7.909999847412109,TATYF,coffee
2054,2025-02-06,7.909999847412109,TATYF,coffee
2055,2025-02-07,7.909999847412109,TATYF,coffee
2056,2025-02-10,7.909999847412109,TATYF,coffee
2057,2025-02-11,7.909999847412109,TATYF,coffee
2058,2025-02-12,7.849999904632568,TATYF,coffee
2059,2025-02-13,7.849999904632568,TATYF,coffee
2060,2025-02-14,7.849999904632568,TATYF,coffee
2061,2025-02-18,7.849999904632568,TATYF,coffee
2062,2025-02-19,7.849999904632568,TATYF,coffee
2063,2025-02-20,7.849999904632568,TATYF,coffee
2064,2025-02-21,7.849999904632568,TATYF,coffee
2065,2025-02-24,7.849999904632568,TATYF,coffee
2066,2025-02-25,7.849999904632568,TATYF,coffee
2067,2025-02-26,7.849999904632568,TATYF,coffee
2068,2025-02-27,7.849999904632568,TATYF,coffee
2069,2025-02-28,7.849999904632568,TATYF,coffee
2070,2025-03-03,7.849999904632568,TATYF,coffee
2071,2025-03-04,7.849999904632568,TATYF,coffee
2072,2025-03-05,7.849999904632568,TATYF,coffee
2073,2025-03-06,7.849999904632568,TATYF,coffee
2074,2025-03-07,7.849999904632568,TATYF,coffee
2075,2025-03-10,7.849999904632568,TATYF,coffee
2076,2025-03-11,7.849999904632568,TATYF,coffee
2077,2025-03-12,7.849999904632568,TATYF,coffee
2078,2025-03-13,7.849999904632568,TATYF,coffee
2079,2025-03-14,7.849999904632568,TATYF,coffee
2080,2025-03-17,7.849999904632568,TATYF,coffee
2081,2025-03-18,7.849999904632568,TATYF,coffee
2082,2025-03-19,7.849999904632568,TATYF,coffee
2083,2025-03-20,7.849999904632568,TATYF,coffee
2084,2025-03-21,7.849999904632568,TATYF,coffee
2085,2025-03-24,7.849999904632568,TATYF,coffee
2086,2025-03-25,7.849999904632568,TATYF,coffee
2087,2025-03-26,7.849999904632568,TATYF,coffee
2088,2025-03-27,7.849999904632568,TATYF,coffee
2089,2025-03-28,6.865000009536743,TATYF,coffee
2090,2025-03-31,6.75,TATYF,coffee
2091,2025-04-01,6.75,TATYF,coffee
2092,2025-04-02,6.75,TATYF,coffee
2093,2025-04-03,6.75,TATYF,coffee
2094,2025-04-04,6.75,TATYF,coffee
2095,2025-04-07,6.75,TATYF,coffee
2096,2025-04-08,6.75,TATYF,coffee
2097,2025-04-09,6.75,TATYF,coffee
2098,2025-04-10,6.75,TATYF,coffee
2099,2025-04-11,6.75,TATYF,coffee
2100,2025-01-16,250.5800018310547,GLD,gold
2101,2025-01-17,249.48500061035156,GLD,gold
2102,2025-01-21,252.54000091552734,GLD,gold
2103,2025-01-22,254.35999298095703,GLD,gold
2104,2025-01-23,253.6300048828125,GLD,gold
2105,2025-01-24,255.80500030517578,GLD,gold
2106,2025-01-27,253.4250030517578,GLD,gold
2107,2025-01-28,254.70499420166016,GLD,gold
2108,2025-01-29,254.375,GLD,gold
2109,2025-01-30,257.625,GLD,gold
2110,2025-01-31,258.8199920654297,GLD,gold
2111,2025-02-03,259.8450012207031,GLD,gold
2112,2025-02-04,262.1649932861328,GLD,gold
2113,2025-02-05,264.2900085449219,GLD,gold
2114,2025-02-06,263.5449981689453,GLD,gold
2115,2025-02-07,264.55999755859375,GLD,gold
2116,2025-02-10,268.18499755859375,GLD,gold
2117,2025-02-11,267.5450134277344,GLD,gold
2118,2025-02-12,267.4100036621094,GLD,gold
2119,2025-02-13,269.35499572753906,GLD,gold
2120,2025-02-14,268.1800079345703,GLD,gold
2121,2025-02-18,270.19000244140625,GLD,gold
2122,2025-02-19,270.76499938964844,GLD,gold
2123,2025-02-20,270.61000061035156,GLD,gold
2124,2025-02-21,270.7699890136719,GLD,gold
2125,2025-02-24,271.8300018310547,GLD,gold
2126,2025-02-25,270.0399932861328,GLD,gold
2127,2025-02-26,268.05499267578125,GLD,gold
2128,2025-02-27,265.7099914550781,GLD,gold
2129,2025-02-28,262.9149932861328,GLD,gold
2130,2025-03-03,265.9049987792969,GLD,gold
2131,2025-03-04,269.0350036621094,GLD,gold
2132,2025-03-05,268.7949981689453,GLD,gold
2133,2025-03-06,268.25,GLD,gold
2134,2025-03-07,268.74000549316406,GLD,gold
2135,2025-03-10,266.8300018310547,GLD,gold
2136,2025-03-11,268.81500244140625,GLD,gold
2137,2025-03-12,269.3999938964844,GLD,gold
2138,2025-03-13,273.3500061035156,GLD,gold
2139,2025-03-14,275.75498962402344,GLD,gold
2140,2025-03-17,276.135009765625,GLD,gold
2141,2025-03-18,279.92999267578125,GLD,gold
2142,2025-03-19,280.47999572753906,GLD,gold
2143,2025-03-20,280.1199951171875,GLD,gold
2144,2025-03-21,278.97499084472656,GLD,gold
2145,2025-03-24,278.0800018310547,GLD,gold
2146,2025-03-25,278.625,GLD,gold
2147,2025-03-26,278.5849914550781,GLD,gold
2148,2025-03-27,281.25999450683594,GLD,gold
2149,2025-03-28,283.94000244140625,GLD,gold
2150,2025-03-31,287.8350067138672,GLD,gold
2151,2025-04-01,288.0550079345703,GLD,gold
2152,2025-04-02,288.2200012207031,GLD,gold
2153,2025-04-03,284.6000061035156,GLD,gold
2154,2025-04-04,281.6800079345703,GLD,gold
2155,2025-04-07,276.2849884033203,GLD,gold
2156,2025-04-08,276.5350036621094,GLD,gold
2157,2025-04-09,283.8000030517578,GLD,gold
2158,2025-04-10,290.5800018310547,GLD,gold
2159,2025-04-11,297.9449920654297,GLD,gold
2220,2025-01-16,110.26867697968868,XOM,oil
2221,2025-01-17,110.68495176082831,XOM,oil
2222,2025-01-21,110.76920331346486,XOM,oil
2223,2025-01-22,109.38656404390159,XOM,oil
2224,2025-01-23,109.25276597441021,XOM,oil
2225,2025-01-24,108.47967922628621,XOM,oil
2226,2025-01-27,108.6184422312005,XOM,oil
2227,2025-01-28,108.25667970819438,XOM,oil
2228,2025-01-29,107.2308522148843,XOM,oil
2229,2025-01-30,108.43507943770041,XOM,oil
2230,2025-01-31,107.72642265263336,XOM,oil
2231,2025-02-03,105.91759833616865,XOM,oil
2232,2025-02-04,107.37456708609932,XOM,oil
2233,2025-02-05,108.83648940984897,XOM,oil
2234,2025-02-06,108.62834509027432,XOM,oil
2235,2025-02-07,107.87013176551173,XOM,oil
2236,2025-02-10,109.51046190782061,XOM,oil
2237,2025-02-11,110.64531074499156,XOM,oil
2238,2025-02-12,108.70000076293945,XOM,oil
2239,2025-02-13,107.63999938964844,XOM,oil
2240,2025-02-14,108.37999725341797,XOM,oil
2241,2025-02-18,109.3849983215332,XOM,oil
2242,2025-02-19,110.53000259399414,XOM,oil
2243,2025-02-20,111.28499984741211,XOM,oil
2244,2025-02-21,111.00500106811523,XOM,oil
2245,2025-02-24,111.0999984741211,XOM,oil
2246,2025-02-25,110.5150032043457,XOM,oil
2247,2025-02-26,109.5999984741211,XOM,oil
2248,2025-02-27,110.08000183105469,XOM,oil
2249,2025-02-28,110.72000122070312,XOM,oil
2250,2025-03-03,109.72999954223633,XOM,oil
2251,2025-03-04,106.95000076293945,XOM,oil
2252,2025-03-05,105.63999938964844,XOM,oil
2253,2025-03-06,106.5250015258789,XOM,oil
2254,2025-03-07,108.71500015258789,XOM,oil
2255,2025-03-10,110.54000091552734,XOM,oil
2256,2025-03-11,110.54000091552734,XOM,oil
2257,2025-03-12,109.09000015258789,XOM,oil
2258,2025-03-13,108.5,XOM,oil
2259,2025-03-14,110.42000198364258,XOM,oil
2260,2025-03-17,112.78000259399414,XOM,oil
2261,2025-03-18,113.86499786376953,XOM,oil
2262,2025-03-19,114.80500030517578,XOM,oil
2263,2025-03-20,115.31000137329102,XOM,oil
2264,2025-03-21,115.5,XOM,oil
2265,2025-03-24,115.7400016784668,XOM,oil
2266,2025-03-25,116.5099983215332,XOM,oil
2267,2025-03-26,117.9749984741211,XOM,oil
2268,2025-03-27,117.99499893188477,XOM,oil
2269,2025-03-28,117.91500091552734,XOM,oil
2270,2025-03-31,118.36000061035156,XOM,oil
2271,2025-04-01,119.13000106811523,XOM,oil
2272,2025-04-02,118.52999877929688,XOM,oil
2273,2025-04-03,113.4000015258789,XOM,oil
2274,2025-04-04,107.10499954223633,XOM,oil
2275,2025-04-07,101.66500091552734,XOM,oil
2276,2025-04-08,103.11499786376953,XOM,oil
2277,2025-04-09,102.58500289916992,XOM,oil
2278,2025-04-10,101.81999969482422,XOM,oil
2279,2025-04-11,101.72000122070312,XOM,oil
2340,2025-01-16,156.96400878388403,CVX,oil
2341,2025-01-17,158.54150618712225,CVX,oil
2342,2025-01-21,157.9431528548869,CVX,oil
2343,2025-01-22,155.32221195626218,CVX,oil
2344,2025-01-23,155.0996881766953,CVX,oil
2345,2025-01-24,154.34308364736643,CVX,oil
2346,2025-01-27,155.06012749135283,CVX,oil
2347,2025-01-28,155.2381561704816,CVX,oil
2348,2025-01-29,153.9969210282801,CVX,oil
2349,2025-01-30,154.72385760528667,CVX,oil
2350,2025-01-31,149.81332016574498,CVX,oil
2351,2025-02-03,147.5336031613089,CVX,oil
2352,2025-02-04,149.3138669709994,CVX,oil
2353,2025-02-05,151.31170654296875,CVX,oil
2354,2025-02-06,151.38093631134026,CVX,oil
2355,2025-02-07,150.87652320614478,CVX,oil
2356,2025-02-10,153.329315390561,CVX,oil
2357,2025-02-11,155.17387106862398,CVX,oil
2358,2025-02-12,154.11560041907504,CVX,oil
2359,2025-02-13,153.62602866146318,CVX,oil
2360,2025-02-14,155.20999908447266,CVX,oil
2361,2025-02-18,155.75,CVX,oil
2362,2025-02-19,156.875,CVX,oil
2363,2025-02-20,158.1449966430664,CVX,oil
2364,2025-02-21,157.5250015258789,CVX,oil
2365,2025-02-24,157.48999786376953,CVX,oil
2366,2025-02-25,157.2050018310547,CVX,oil
2367,2025-02-26,155.87999725341797,CVX,oil
2368,2025-02-27,156.18000030517578,CVX,oil
2369,2025-02-28,157.65999603271484,CVX,oil
2370,2025-03-03,156.2750015258789,CVX,oil
2371,2025-03-04,151.6050033569336,CVX,oil
2372,2025-03-05,150.47999572753906,CVX,oil
2373,2025-03-06,151.72999572753906,CVX,oil
2374,2025-03-07,155.1449966430664,CVX,oil
2375,2025-03-10,157.3800048828125,CVX,oil
2376,2025-03-11,156.25499725341797,CVX,oil
2377,2025-03-12,153.15499877929688,CVX,oil
2378,2025-03-13,152.93499755859375,CVX,oil
2379,2025-03-14,155.5050048828125,CVX,oil
2380,2025-03-17,157.97000122070312,CVX,oil
2381,2025-03-18,160.2750015258789,CVX,oil
2382,2025-03-19,162.51000213623047,CVX,oil
2383,2025-03-20,163.95000457763672,CVX,oil
2384,2025-03-21,164.62000274658203,CVX,oil
2385,2025-03-24,164.8550033569336,CVX,oil
2386,2025-03-25,166.01000213623047,CVX,oil
2387,2025-03-26,167.6699981689453,CVX,oil
2388,2025-03-27,166.9499969482422,CVX,oil
2389,2025-03-28,166.3949966430664,CVX,oil
2390,2025-03-31,166.73999786376953,CVX,oil
2391,2025-04-01,167.89999389648438,CVX,oil
2392,2025-04-02,166.93499755859375,CVX,oil
2393,2025-04-03,158.1199951171875,CVX,oil
2394,2025-04-04,147.5199966430664,CVX,oil
2395,2025-04-07,139.43999481201172,CVX,oil
2396,2025-04-08,140.5399932861328,CVX,oil
2397,2025-04-09,140.5250015258789,CVX,oil
2398,2025-04-10,139.0999984741211,CVX,oil
2399,2025-04-11,135.31999969482422,CVX,oil
2400,2025-01-16,36.795000076293945,GDX,gold
2401,2025-01-17,36.540000915527344,GDX,gold
2402,2025-01-21,37.36000061035156,GDX,gold
2403,2025-01-22,37.76499938964844,GDX,gold
2404,2025-01-23,37.30999946594238,GDX,gold
2405,2025-01-24,37.970001220703125,GDX,gold
2406,2025-01-27,37.46999931335449,GDX,gold
2407,2025-01-28,37.59000015258789,GDX,gold
2408,2025-01-29,37.78000068664551,GDX,gold
2409,2025-01-30,39.03999900817871,GDX,gold
2410,2025-01-31,39.239999771118164,GDX,gold
2411,2025-02-03,39.39000129699707,GDX,gold
2412,2025-02-04,39.94999885559082,GDX,gold
2413,2025-02-05,40.704999923706055,GDX,gold
2414,2025-02-06,41.10000038146973,GDX,gold
2415,2025-02-07,41.18499946594238,GDX,gold
2416,2025-02-10,41.954999923706055,GDX,gold
2417,2025-02-11,41.579999923706055,GDX,gold
2418,2025-02-12,41.7450008392334,GDX,gold
2419,2025-02-13,42.3849983215332,GDX,gold
2420,2025-02-14,41.84000015258789,GDX,gold
2421,2025-02-18,41.59000015258789,GDX,gold
2422,2025-02-19,41.44499969482422,GDX,gold
2423,2025-02-20,41.97500038146973,GDX,gold
2424,2025-02-21,41.40999984741211,GDX,gold
2425,2025-02-24,41.06999969482422,GDX,gold
2426,2025-02-25,40.52000045776367,GDX,gold
2427,2025-02-26,40.33500099182129,GDX,gold
2428,2025-02-27,39.829999923706055,GDX,gold
2429,2025-02-28,39.290000915527344,GDX,gold
2430,2025-03-03,40.04999923706055,GDX,gold
2431,2025-03-04,40.364999771118164,GDX,gold
2432,2025-03-05,40.95000076293945,GDX,gold
2433,2025-03-06,41.364999771118164,GDX,gold
2434,2025-03-07,41.529998779296875,GDX,gold
2435,2025-03-10,40.94499969482422,GDX,gold
2436,2025-03-11,41.3700008392334,GDX,gold
2437,2025-03-12,41.68000030517578,GDX,gold
2438,2025-03-13,42.69499969482422,GDX,gold
2439,2025-03-14,43.709999084472656,GDX,gold
2440,2025-03-17,44.21500015258789,GDX,gold
2441,2025-03-18,45.14499855041504,GDX,gold
2442,2025-03-19,45.04999923706055,GDX,gold
2443,2025-03-20,44.90500068664551,GDX,gold
2444,2025-03-21,44.52000045776367,GDX,gold
2445,2025-03-24,44.40500068664551,GDX,gold
2446,2025-03-25,44.94499969482422,GDX,gold
2447,2025-03-26,44.94499969482422,GDX,gold
2448,2025-03-27,45.489999771118164,GDX,gold
2449,2025-03-28,45.834999084472656,GDX,gold
2450,2025-03-31,45.98500061035156,GDX,gold
2451,2025-04-01,45.864999771118164,GDX,gold
2452,2025-04-02,45.76499938964844,GDX,gold
2453,2025-04-03,44.790000915527344,GDX,gold
2454,2025-04-04,43.079999923706055,GDX,gold
2455,2025-04-07,41.079999923706055,GDX,gold
2456,2025-04-08,42.385000228881836,GDX,gold
2457,2025-04-09,44.130001068115234,GDX,gold
2458,2025-04-10,46.21999931335449,GDX,gold
2459,2025-04-11,49.28499984741211,GDX,gold
2460,2025-01-16,50.485237099473736,ADM,corn
2461,2025-01-17,50.559408247049575,ADM,corn
2462,2025-01-21,50.628633523467265,ADM,corn
2463,2025-01-22,50.129220910351535,ADM,corn
2464,2025-01-23,50.14899825387673,ADM,corn
2465,2025-01-24,50.01054760459911,ADM,corn
2466,2025-01-27,51.21705065437453,ADM,corn
2467,2025-01-28,50.76214005340829,ADM,corn
2468,2025-01-29,50.490183050241036,ADM,corn
2469,2025-01-30,51.18243786062121,ADM,corn
2470,2025-01-31,50.76708409548381,ADM,corn
2471,2025-02-03,49.891876086197406,ADM,corn
2472,2025-02-04,47.464034881402355,ADM,corn
2473,2025-02-05,46.45037442748216,ADM,corn
2474,2025-02-06,45.66416719469032,ADM,corn
2475,2025-02-07,45.20925523437352,ADM,corn
2476,2025-02-10,45.3575974297758,ADM,corn
2477,2025-02-11,45.66416748458025,ADM,corn
2478,2025-02-12,44.78895948295046,ADM,corn
2479,2025-02-13,44.907631012181454,ADM,corn
2480,2025-02-14,45.421876964523776,ADM,corn
2481,2025-02-18,45.704999923706055,ADM,corn
2482,2025-02-19,45.935001373291016,ADM,corn
2483,2025-02-20,46.26499938964844,ADM,corn
2484,2025-02-21,47.46500015258789,ADM,corn
2485,2025-02-24,48.275001525878906,ADM,corn
2486,2025-02-25,48.53999900817871,ADM,corn
2487,2025-02-26,47.744998931884766,ADM,corn
2488,2025-02-27,46.68499946594238,ADM,corn
2489,2025-02-28,47.079999923706055,ADM,corn
2490,2025-03-03,46.95000076293945,ADM,corn
2491,2025-03-04,46.05999946594238,ADM,corn
2492,2025-03-05,45.80999946594238,ADM,corn
2493,2025-03-06,46.954999923706055,ADM,corn
2494,2025-03-07,48.68499946594238,ADM,corn
2495,2025-03-10,50.27499961853027,ADM,corn
2496,2025-03-11,49.704999923706055,ADM,corn
2497,2025-03-12,47.540000915527344,ADM,corn
2498,2025-03-13,47.125,ADM,corn
2499,2025-03-14,47.06999969482422,ADM,corn
2500,2025-03-17,47.80500030517578,ADM,corn
2501,2025-03-18,48.079999923706055,ADM,corn
2502,2025-03-19,47.23500061035156,ADM,corn
2503,2025-03-20,46.670000076293945,ADM,corn
2504,2025-03-21,46.349998474121094,ADM,corn
2505,2025-03-24,45.915000915527344,ADM,corn
2506,2025-03-25,46.0049991607666,ADM,corn
2507,2025-03-26,46.584999084472656,ADM,corn
2508,2025-03-27,47.78499984741211,ADM,corn
2509,2025-03-28,48.09000015258789,ADM,corn
2510,2025-03-31,47.91499900817871,ADM,corn
2511,2025-04-01,48.26499938964844,ADM,corn
2512,2025-04-02,48.05500030517578,ADM,corn
2513,2025-04-03,47.795000076293945,ADM,corn
2514,2025-04-04,44.53499984741211,ADM,corn
2515,2025-04-07,42.869998931884766,ADM,corn
2516,2025-04-08,42.77000045776367,ADM,corn
2517,2025-04-09,42.845001220703125,ADM,corn
2518,2025-04-10,44.43000030517578,ADM,corn
2519,2025-04-11,45.28499984741211,ADM,corn
2520,2025-01-16,433.9837902248116,DE,corn
2521,2025-01-17,450.05264975718745,DE,corn
2522,2025-01-21,459.20565661994897,DE,corn
2523,2025-01-22,459.68897219326163,DE,corn
2524,2025-01-23,466.31083648682574,DE,corn
2525,2025-01-24,474.9556228912757,DE,corn
2526,2025-01-27,480.3966133101371,DE,corn
2527,2025-01-28,479.52467218148473,DE,corn
2528,2025-01-29,477.9103241618095,DE,corn
2529,2025-01-30,476.2062639384938,DE,corn
2530,2025-01-31,476.116571565243,DE,corn
2531,2025-02-03,463.97897099812803,DE,corn
2532,2025-02-04,468.8320418729995,DE,corn
2533,2025-02-05,468.45832779402235,DE,corn
2534,2025-02-06,466.53505374843314,DE,corn
2535,2025-02-07,465.384067982838,DE,corn
2536,2025-02-10,467.1529031588173,DE,corn
2537,2025-02-11,470.267003188775,DE,corn
2538,2025-02-12,471.03930897677196,DE,corn
2539,2025-02-13,458.7572335589632,DE,corn
2540,2025-02-14,473.40605680418975,DE,corn
2541,2025-02-18,489.56957348571814,DE,corn
2542,2025-02-19,500.96474687136663,DE,corn
2543,2025-02-20,500.2173775423198,DE,corn
2544,2025-02-21,491.9064075981904,DE,corn
2545,2025-02-24,485.5685657611936,DE,corn
2546,2025-02-25,485.43900781940505,DE,corn
2547,2025-02-26,482.5740253571845,DE,corn
2548,2025-02-27,479.75885115555576,DE,corn
2549,2025-02-28,478.68760853958497,DE,corn
2550,2025-03-03,473.29641869526057,DE,corn
2551,2025-03-04,454.5020829532388,DE,corn
2552,2025-03-05,462.3297596963889,DE,corn
2553,2025-03-06,473.76480096991224,DE,corn
2554,2025-03-07,487.2426866021505,DE,corn
2555,2025-03-10,491.4828872291366,DE,corn
2556,2025-03-11,478.05480938379924,DE,corn
2557,2025-03-12,471.5325777396461,DE,corn
2558,2025-03-13,468.6775842841302,DE,corn
2559,2025-03-14,473.03235309112677,DE,corn
2560,2025-03-17,478.169413750563,DE,corn
2561,2025-03-18,479.9731060781164,DE,corn
2562,2025-03-19,477.4170403120264,DE,corn
2563,2025-03-20,474.85100347414567,DE,corn
2564,2025-03-21,471.3681567299388,DE,corn
2565,2025-03-24,476.6347619312152,DE,corn
2566,2025-03-25,478.6477332773782,DE,corn
2567,2025-03-26,480.86499448477684,DE,corn
2568,2025-03-27,479.141024131482,DE,corn
2569,2025-03-28,469.8086251809011,DE,corn
2570,2025-03-31,465.0550079345703,DE,corn
2571,2025-04-01,473.9049987792969,DE,corn
2572,2025-04-02,472.1699981689453,DE,corn
2573,2025-04-03,452.0,DE,corn
2574,2025-04-04,428.1599884033203,DE,corn
2575,2025-04-07,420.24000549316406,DE,corn
2576,2025-04-08,423.22499084472656,DE,corn
2577,2025-04-09,430.1549987792969,DE,corn
2578,2025-04-10,444.2749938964844,DE,corn
2579,2025-04-11,451.69000244140625,DE,corn
2580,2025-01-16,9.075000286102295,BATT,lithium
2581,2025-01-17,9.105000019073486,BATT,lithium
2582,2025-01-21,9.224999904632568,BATT,lithium
2583,2025-01-22,9.149999618530273,BATT,lithium
2584,2025-01-23,9.050000190734863,BATT,lithium
2585,2025-01-24,9.130000114440918,BATT,lithium
2586,2025-01-27,8.930000305175781,BATT,lithium
2587,2025-01-28,8.855000019073486,BATT,lithium
2588,2025-01-29,8.824999809265137,BATT,lithium
2589,2025-01-30,8.942500114440918,BATT,lithium
2590,2025-01-31,8.875,BATT,lithium
2591,2025-02-03,8.579999923706055,BATT,lithium
2592,2025-02-04,8.755000114440918,BATT,lithium
2593,2025-02-05,8.815000057220459,BATT,lithium
2594,2025-02-06,8.869999885559082,BATT,lithium
2595,2025-02-07,8.960000038146973,BATT,lithium
2596,2025-02-10,8.974999904632568,BATT,lithium
2597,2025-02-11,8.724999904632568,BATT,lithium
2598,2025-02-12,8.730000019073486,BATT,lithium
2599,2025-02-13,8.914999961853027,BATT,lithium
2600,2025-02-14,9.085000038146973,BATT,lithium
2601,2025-02-18,9.029999732971191,BATT,lithium
2602,2025-02-19,9.005000114440918,BATT,lithium
2603,2025-02-20,9.104000091552734,BATT,lithium
2604,2025-02-21,9.059999942779541,BATT,lithium
2605,2025-02-24,8.90999984741211,BATT,lithium
2606,2025-02-25,8.84499979019165,BATT,lithium
2607,2025-02-26,8.865000247955322,BATT,lithium
2608,2025-02-27,8.815000057220459,BATT,lithium
2609,2025-02-28,8.554999828338623,BATT,lithium
2610,2025-03-03,8.545000076293945,BATT,lithium
2611,2025-03-04,8.289999961853027,BATT,lithium
2612,2025-03-05,8.559999942779541,BATT,lithium
2613,2025-03-06,8.639999866485596,BATT,lithium
2614,2025-03-07,8.654999732971191,BATT,lithium
2615,2025-03-10,8.455000400543213,BATT,lithium
2616,2025-03-11,8.5,BATT,lithium
2617,2025-03-12,8.600000381469727,BATT,lithium
2618,2025-03-13,8.605000019073486,BATT,lithium
2619,2025-03-14,8.764999866485596,BATT,lithium
2620,2025-03-17,8.875,BATT,lithium
2621,2025-03-18,8.949999809265137,BATT,lithium
2622,2025-03-19,8.990000247955322,BATT,lithium
2623,2025-03-20,8.954999923706055,BATT,lithium
2624,2025-03-21,8.744999885559082,BATT,lithium
2625,2025-03-24,8.864999771118164,BATT,lithium
2626,2025-03-25,8.900000095367432,BATT,lithium
2627,2025-03-26,8.860000133514404,BATT,lithium
2628,2025-03-27,8.734999656677246,BATT,lithium
2629,2025-03-28,8.59499979019165,BATT,lithium
2630,2025-03-31,8.350000381469727,BATT,lithium
2631,2025-04-01,8.361000061035156,BATT,lithium
2632,2025-04-02,8.319999694824219,BATT,lithium
2633,2025-04-03,8.019999742507935,BATT,lithium
2634,2025-04-04,7.484999895095825,BATT,lithium
2635,2025-04-07,7.021499872207642,BATT,lithium
2636,2025-04-08,7.119999885559082,BATT,lithium
2637,2025-04-09,7.2250001430511475,BATT,lithium
2638,2025-04-10,7.391999959945679,BATT,lithium
2639,2025-04-11,7.577499866485596,BATT,lithium
2760,2025-01-16,293.0850067138672,OIH,oil
2761,2025-01-17,297.7550048828125,OIH,oil
2762,2025-01-21,301.0699920654297,OIH,oil
2763,2025-01-22,294.5,OIH,oil
2764,2025-01-23,291.9499969482422,OIH,oil
2765,2025-01-24,290.55499267578125,OIH,oil
2766,2025-01-27,286.4949951171875,OIH,oil
2767,2025-01-28,282.32000732421875,OIH,oil
2768,2025-01-29,278.5749969482422,OIH,oil
2769,2025-01-30,279.79998779296875,OIH,oil
2770,2025-01-31,278.9199981689453,OIH,oil
2771,2025-02-03,275.94000244140625,OIH,oil
2772,2025-02-04,278.25999450683594,OIH,oil
2773,2025-02-05,284.8550109863281,OIH,oil
2774,2025-02-06,281.9700012207031,OIH,oil
2775,2025-02-07,276.7149963378906,OIH,oil
2776,2025-02-10,281.0299987792969,OIH,oil
2777,2025-02-11,284.6999969482422,OIH,oil
2778,2025-02-12,281.25,OIH,oil
2779,2025-02-13,280.63499450683594,OIH,oil
2780,2025-02-14,281.68499755859375,OIH,oil
2781,2025-02-18,283.05999755859375,OIH,oil
2782,2025-02-19,281.67999267578125,OIH,oil
2783,2025-02-20,280.4100036621094,OIH,oil
2784,2025-02-21,276.88499450683594,OIH,oil
2785,2025-02-24,272.3400115966797,OIH,oil
2786,2025-02-25,269.0900115966797,OIH,oil
2787,2025-02-26,265.64500427246094,OIH,oil
2788,2025-02-27,264.7900085449219,OIH,oil
2789,2025-02-28,264.80999755859375,OIH,oil
2790,2025-03-03,260.2200012207031,OIH,oil
2791,2025-03-04,248.18000030517578,OIH,oil
2792,2025-03-05,246.97000122070312,OIH,oil
2793,2025-03-06,246.59500122070312,OIH,oil
2794,2025-03-07,252.9000015258789,OIH,oil
2795,2025-03-10,251.90499877929688,OIH,oil
2796,2025-03-11,249.84000396728516,OIH,oil
2797,2025-03-12,249.26499938964844,OIH,oil
2798,2025-03-13,247.73500061035156,OIH,oil
2799,2025-03-14,251.68000030517578,OIH,oil
2800,2025-03-17,256.1999969482422,OIH,oil
2801,2025-03-18,258.2099914550781,OIH,oil
2802,2025-03-19,259.510009765625,OIH,oil
2803,2025-03-20,259.97499084472656,OIH,oil
2804,2025-03-21,258.875,OIH,oil
2805,2025-03-24,262.26499938964844,OIH,oil
2806,2025-03-25,265.4399871826172,OIH,oil
2807,2025-03-26,267.1649932861328,OIH,oil
2808,2025-03-27,265.5399932861328,OIH,oil
2809,2025-03-28,262.6599884033203,OIH,oil
2810,2025-03-31,259.8199920654297,OIH,oil
2811,2025-04-01,263.72499084472656,OIH,oil
2812,2025-04-02,264.1999969482422,OIH,oil
2813,2025-04-03,243.7300033569336,OIH,oil
2814,2025-04-04,216.33499908447266,OIH,oil
2815,2025-04-07,202.42499542236328,OIH,oil
2816,2025-04-08,205.16000366210938,OIH,oil
2817,2025-04-09,207.18499755859375,OIH,oil
2818,2025-04-10,207.8949966430664,OIH,oil
2819,2025-04-11,206.85499572753906,OIH,oil
2820,2025-01-16,29.690000534057617,KOLD,natural gas
2821,2025-01-17,32.09999942779541,KOLD,natural gas
2822,2025-01-21,33.84499931335449,KOLD,natural gas
2823,2025-01-22,32.52000045776367,KOLD,natural gas
2824,2025-01-23,31.359999656677246,KOLD,natural gas
2825,2025-01-24,33.125,KOLD,natural gas
2826,2025-01-27,35.97500038146973,KOLD,natural gas
2827,2025-01-28,39.2400016784668,KOLD,natural gas
2828,2025-01-29,37.795000076293945,KOLD,natural gas
2829,2025-01-30,39.65500068664551,KOLD,natural gas
2830,2025-01-31,40.80000114440918,KOLD,natural gas
2831,2025-02-03,33.2450008392334,KOLD,natural gas
2832,2025-02-04,35.46999931335449,KOLD,natural gas
2833,2025-02-05,33.69999885559082,KOLD,natural gas
2834,2025-02-06,32.390000343322754,KOLD,natural gas
2835,2025-02-07,32.58500099182129,KOLD,natural gas
2836,2025-02-10,31.114999771118164,KOLD,natural gas
2837,2025-02-11,29.079999923706055,KOLD,natural gas
2838,2025-02-12,28.609999656677246,KOLD,natural gas
2839,2025-02-13,27.225000381469727,KOLD,natural gas
2840,2025-02-14,26.575000762939453,KOLD,natural gas
2841,2025-02-18,24.78499984741211,KOLD,natural gas
2842,2025-02-19,20.649999618530273,KOLD,natural gas
2843,2025-02-20,21.355000495910645,KOLD,natural gas
2844,2025-02-21,20.515000343322754,KOLD,natural gas
2845,2025-02-24,22.354999542236328,KOLD,natural gas
2846,2025-02-25,21.539999961853027,KOLD,natural gas
2847,2025-02-26,21.894999504089355,KOLD,natural gas
2848,2025-02-27,22.380000114440918,KOLD,natural gas
2849,2025-02-28,23.510000228881836,KOLD,natural gas
2850,2025-03-03,21.65000057220459,KOLD,natural gas
2851,2025-03-04,18.02500057220459,KOLD,natural gas
2852,2025-03-05,18.09500026702881,KOLD,natural gas
2853,2025-03-06,18.195000648498535,KOLD,natural gas
2854,2025-03-07,18.69499969482422,KOLD,natural gas
2855,2025-03-10,16.90499973297119,KOLD,natural gas
2856,2025-03-11,17.15999984741211,KOLD,natural gas
2857,2025-03-12,19.56999969482422,KOLD,natural gas
2858,2025-03-13,20.56999969482422,KOLD,natural gas
2859,2025-03-14,20.260000228881836,KOLD,natural gas
2860,2025-03-17,20.5649995803833,KOLD,natural gas
2861,2025-03-18,20.210000038146973,KOLD,natural gas
2862,2025-03-19,18.90499973297119,KOLD,natural gas
2863,2025-03-20,19.90499973297119,KOLD,natural gas
2864,2025-03-21,20.744999885559082,KOLD,natural gas
2865,2025-03-24,21.105000495910645,KOLD,natural gas
2866,2025-03-25,21.730000495910645,KOLD,natural gas
2867,2025-03-26,22.320000648498535,KOLD,natural gas
2868,2025-03-27,22.295000076293945,KOLD,natural gas
2869,2025-03-28,20.929999351501465,KOLD,natural gas
2870,2025-03-31,19.114999771118164,KOLD,natural gas
2871,2025-04-01,20.84000015258789,KOLD,natural gas
2872,2025-04-02,20.459999084472656,KOLD,natural gas
2873,2025-04-03,19.260000228881836,KOLD,natural gas
2874,2025-04-04,22.119999885559082,KOLD,natural gas
2875,2025-04-07,23.280000686645508,KOLD,natural gas
2876,2025-04-08,24.664999961853027,KOLD,natural gas
2877,2025-04-09,24.164999961853027,KOLD,natural gas
2878,2025-04-10,23.704999923706055,KOLD,natural gas
2879,2025-04-11,24.635000228881836,KOLD,natural gas
